,3CP,,,2CP,,ALP,,,,,,,,,,,,,,,,,,,,,,,,,LNP,,,,,,,,,,,,,,,,,,,,,,,,,GRN,,,,,,,,,,,,,,,,,,,,,,,,,,,ON,,,,,,,,,,,,,,,,,,,,,,,IND,,,,,,,,,,,,,,,,,,,,,,,,,OTH,,,,,,,,,,,,,,,,,,,,,,,,,GRN 3CP Estimate,,,,,ON 3CP Estimate,,,,,IND 3CP Estimate,,,,,OTH 3CP Estimate,,,,
,,,,,,,,,,,3CP,,,,,,,,,,2CP,,,,,,,,,,,,,,,3CP,,,,,,,,,,2CP,,,,,,,,,,,,,,,Exclusion,,,,,,,,,,2CP,,,,,,,,,,,,,,,Exclusion,,,,,,,,,,2CP,,,,,,,,,,,,,,,Exclusion,,,,,,,,,,2CP,,,,,,,,,,,,,,,Exclusion,,,,,,,,,,2CP,,,,,,,,,,,,,,,,,,,,,,,,,,,,,
Division,ALP,LNP,GRN,,,2025 Primary,,,,,LNP Prefs,,GRN Prefs,,ON Prefs,,IND Prefs,,OTH Prefs,,LNP Prefs,,GRN Prefs,,ON Prefs,,IND Prefs,,OTH Prefs,,2025 Primary,,,,,ALP Prefs,,GRN Prefs,,ON Prefs,,IND Prefs,,OTH Prefs,,ALP Prefs,,GRN Prefs,,ON Prefs,,IND Prefs,,OTH Prefs,,2025 Primary,,,,,ALP Prefs,,LNP Prefs,,ON Prefs,,IND Prefs,,OTH Prefs,,ALP Prefs,,LNP Prefs,,ON Prefs,,IND Prefs,,OTH Prefs,,2025 Primary,,,,,ALP Prefs,,LNP Prefs,,GRN Prefs,,IND Prefs,,OTH Prefs,,ALP Prefs,,LNP Prefs,,GRN Prefs,,IND Prefs,,OTH Prefs,,2025 Primary,,,,,ALP Prefs,,LNP Prefs,,GRN Prefs,,ON Prefs,,OTH Prefs,,ALP Prefs,,LNP Prefs,,GRN Prefs,,ON Prefs,,OTH Prefs,,2025 Primary,,,,,ALP Prefs,,LNP Prefs,,GRN Prefs,,ON Prefs,,IND Prefs,,ALP Prefs,,LNP Prefs,,GRN Prefs,,ON Prefs,,IND Prefs,,ALP,LNP,GRN,IND,OTH,ALP,LNP,GRN,IND,OTH,ALP,LNP,GRN,ON,OTH,ALP,LNP,GRN,ON,IND
,ON,IND,OTH,,,Votes,%,Votes at elim,%,Position,Votes,%,Votes,%,Votes,%,Votes,%,Votes,%,Votes,%,Votes,%,Votes,%,Votes,%,Votes,%,Votes,%,Votes at elim,%,Position,Votes,%,Votes,%,Votes,%,Votes,%,Votes,%,Votes,%,Votes,%,Votes,%,Votes,%,Votes,%,Votes,%,Votes at elim,%,Position,Votes,%,Votes,%,Votes,%,Votes,%,Votes,%,Votes,%,Votes,%,Votes,%,Votes,%,Votes,%,Primary,%,Votes at elim,%,Position,Votes,%,Votes,%,Votes,%,Votes,%,Votes,%,Votes,%,Votes,%,Votes,%,Votes,%,Votes,%,Votes,%,Votes at elim,%,Position,Votes,%,Votes,%,Votes,%,Votes,%,Votes,%,Votes,%,Votes,%,Votes,%,Votes,%,Votes,%,Votes,%,Votes at elim,%,Position,Votes,%,Votes,%,Votes,%,Votes,%,Votes,%,Votes,%,Votes,%,Votes,%,Votes,%,Votes,%,,,,,,,,,,,,,,,,,,,,
Wentworth,,,,,,,,,,,,#DIV/0!,,#DIV/0!,,#DIV/0!,,#DIV/0!,,#DIV/0!,,#DIV/0!,,#DIV/0!,,#DIV/0!,,#DIV/0!,,#DIV/0!,,,,,,,#DIV/0!,,#DIV/0!,,#DIV/0!,,#DIV/0!,,#DIV/0!,,#DIV/0!,,#DIV/0!,,#DIV/0!,,#DIV/0!,,#DIV/0!,,,,,,,#DIV/0!,,#DIV/0!,,#DIV/0!,,#DIV/0!,,#DIV/0!,,#DIV/0!,,#DIV/0!,,#DIV/0!,,#DIV/0!,,#DIV/0!,,,,,,,#DIV/0!,,#DIV/0!,,#DIV/0!,,#DIV/0!,,#DIV/0!,,#DIV/0!,,#DIV/0!,,#DIV/0!,,#DIV/0!,,#DIV/0!,,,,,,,#DIV/0!,,#DIV/0!,,#DIV/0!,,#DIV/0!,,#DIV/0!,,#DIV/0!,,#DIV/0!,,#DIV/0!,,#DIV/0!,,#DIV/0!,,,,,,,#DIV/0!,,#DIV/0!,,#DIV/0!,,#DIV/0!,,#DIV/0!,,#DIV/0!,,#DIV/0!,,#DIV/0!,,#DIV/0!,,#DIV/0!,,,,,,,,,,,,,,,,,,,,
Sydney,,,,,,,,,,,,#DIV/0!,,#DIV/0!,,#DIV/0!,,#DIV/0!,,#DIV/0!,,#DIV/0!,,#DIV/0!,,#DIV/0!,,#DIV/0!,,#DIV/0!,,,,,,,#DIV/0!,,#DIV/0!,,#DIV/0!,,#DIV/0!,,#DIV/0!,,#DIV/0!,,#DIV/0!,,#DIV/0!,,#DIV/0!,,#DIV/0!,,,,,,,#DIV/0!,,#DIV/0!,,#DIV/0!,,#DIV/0!,,#DIV/0!,,#DIV/0!,,#DIV/0!,,#DIV/0!,,#DIV/0!,,#DIV/0!,,,,,,,#DIV/0!,,#DIV/0!,,#DIV/0!,,#DIV/0!,,#DIV/0!,,#DIV/0!,,#DIV/0!,,#DIV/0!,,#DIV/0!,,#DIV/0!,,,,,,,#DIV/0!,,#DIV/0!,,#DIV/0!,,#DIV/0!,,#DIV/0!,,#DIV/0!,,#DIV/0!,,#DIV/0!,,#DIV/0!,,#DIV/0!,,,,,,,#DIV/0!,,#DIV/0!,,#DIV/0!,,#DIV/0!,,#DIV/0!,,#DIV/0!,,#DIV/0!,,#DIV/0!,,#DIV/0!,,#DIV/0!,,,,,,,,,,,,,,,,,,,,
Kingsford Smith,,,,,,,,,,,,#DIV/0!,,#DIV/0!,,#DIV/0!,,#DIV/0!,,#DIV/0!,,#DIV/0!,,#DIV/0!,,#DIV/0!,,#DIV/0!,,#DIV/0!,,,,,,,#DIV/0!,,#DIV/0!,,#DIV/0!,,#DIV/0!,,#DIV/0!,,#DIV/0!,,#DIV/0!,,#DIV/0!,,#DIV/0!,,#DIV/0!,,,,,,,#DIV/0!,,#DIV/0!,,#DIV/0!,,#DIV/0!,,#DIV/0!,,#DIV/0!,,#DIV/0!,,#DIV/0!,,#DIV/0!,,#DIV/0!,,,,,,,#DIV/0!,,#DIV/0!,,#DIV/0!,,#DIV/0!,,#DIV/0!,,#DIV/0!,,#DIV/0!,,#DIV/0!,,#DIV/0!,,#DIV/0!,,,,,,,#DIV/0!,,#DIV/0!,,#DIV/0!,,#DIV/0!,,#DIV/0!,,#DIV/0!,,#DIV/0!,,#DIV/0!,,#DIV/0!,,#DIV/0!,,,,,,,#DIV/0!,,#DIV/0!,,#DIV/0!,,#DIV/0!,,#DIV/0!,,#DIV/0!,,#DIV/0!,,#DIV/0!,,#DIV/0!,,#DIV/0!,,,,,,,,,,,,,,,,,,,,
Bennelong,,,,,,,,,,,,#DIV/0!,,#DIV/0!,,#DIV/0!,,#DIV/0!,,#DIV/0!,,#DIV/0!,,#DIV/0!,,#DIV/0!,,#DIV/0!,,#DIV/0!,,,,,,,#DIV/0!,,#DIV/0!,,#DIV/0!,,#DIV/0!,,#DIV/0!,,#DIV/0!,,#DIV/0!,,#DIV/0!,,#DIV/0!,,#DIV/0!,,,,,,,#DIV/0!,,#DIV/0!,,#DIV/0!,,#DIV/0!,,#DIV/0!,,#DIV/0!,,#DIV/0!,,#DIV/0!,,#DIV/0!,,#DIV/0!,,,,,,,#DIV/0!,,#DIV/0!,,#DIV/0!,,#DIV/0!,,#DIV/0!,,#DIV/0!,,#DIV/0!,,#DIV/0!,,#DIV/0!,,#DIV/0!,,,,,,,#DIV/0!,,#DIV/0!,,#DIV/0!,,#DIV/0!,,#DIV/0!,,#DIV/0!,,#DIV/0!,,#DIV/0!,,#DIV/0!,,#DIV/0!,,,,,,,#DIV/0!,,#DIV/0!,,#DIV/0!,,#DIV/0!,,#DIV/0!,,#DIV/0!,,#DIV/0!,,#DIV/0!,,#DIV/0!,,#DIV/0!,,,,,,,,,,,,,,,,,,,,
Bradfield,,,,,,,,,,,,#DIV/0!,,#DIV/0!,,#DIV/0!,,#DIV/0!,,#DIV/0!,,#DIV/0!,,#DIV/0!,,#DIV/0!,,#DIV/0!,,#DIV/0!,,,,,,,#DIV/0!,,#DIV/0!,,#DIV/0!,,#DIV/0!,,#DIV/0!,,#DIV/0!,,#DIV/0!,,#DIV/0!,,#DIV/0!,,#DIV/0!,,,,,,,#DIV/0!,,#DIV/0!,,#DIV/0!,,#DIV/0!,,#DIV/0!,,#DIV/0!,,#DIV/0!,,#DIV/0!,,#DIV/0!,,#DIV/0!,,,,,,,#DIV/0!,,#DIV/0!,,#DIV/0!,,#DIV/0!,,#DIV/0!,,#DIV/0!,,#DIV/0!,,#DIV/0!,,#DIV/0!,,#DIV/0!,,,,,,,#DIV/0!,,#DIV/0!,,#DIV/0!,,#DIV/0!,,#DIV/0!,,#DIV/0!,,#DIV/0!,,#DIV/0!,,#DIV/0!,,#DIV/0!,,,,,,,#DIV/0!,,#DIV/0!,,#DIV/0!,,#DIV/0!,,#DIV/0!,,#DIV/0!,,#DIV/0!,,#DIV/0!,,#DIV/0!,,#DIV/0!,,,,,,,,,,,,,,,,,,,,
Warringah,,,,,,,,,,,,#DIV/0!,,#DIV/0!,,#DIV/0!,,#DIV/0!,,#DIV/0!,,#DIV/0!,,#DIV/0!,,#DIV/0!,,#DIV/0!,,#DIV/0!,,,,,,,#DIV/0!,,#DIV/0!,,#DIV/0!,,#DIV/0!,,#DIV/0!,,#DIV/0!,,#DIV/0!,,#DIV/0!,,#DIV/0!,,#DIV/0!,,,,,,,#DIV/0!,,#DIV/0!,,#DIV/0!,,#DIV/0!,,#DIV/0!,,#DIV/0!,,#DIV/0!,,#DIV/0!,,#DIV/0!,,#DIV/0!,,,,,,,#DIV/0!,,#DIV/0!,,#DIV/0!,,#DIV/0!,,#DIV/0!,,#DIV/0!,,#DIV/0!,,#DIV/0!,,#DIV/0!,,#DIV/0!,,,,,,,#DIV/0!,,#DIV/0!,,#DIV/0!,,#DIV/0!,,#DIV/0!,,#DIV/0!,,#DIV/0!,,#DIV/0!,,#DIV/0!,,#DIV/0!,,,,,,,#DIV/0!,,#DIV/0!,,#DIV/0!,,#DIV/0!,,#DIV/0!,,#DIV/0!,,#DIV/0!,,#DIV/0!,,#DIV/0!,,#DIV/0!,,,,,,,,,,,,,,,,,,,,
Banks,,,,,,,,,,,,#DIV/0!,,#DIV/0!,,#DIV/0!,,#DIV/0!,,#DIV/0!,,#DIV/0!,,#DIV/0!,,#DIV/0!,,#DIV/0!,,#DIV/0!,,,,,,,#DIV/0!,,#DIV/0!,,#DIV/0!,,#DIV/0!,,#DIV/0!,,#DIV/0!,,#DIV/0!,,#DIV/0!,,#DIV/0!,,#DIV/0!,,,,,,,#DIV/0!,,#DIV/0!,,#DIV/0!,,#DIV/0!,,#DIV/0!,,#DIV/0!,,#DIV/0!,,#DIV/0!,,#DIV/0!,,#DIV/0!,,,,,,,#DIV/0!,,#DIV/0!,,#DIV/0!,,#DIV/0!,,#DIV/0!,,#DIV/0!,,#DIV/0!,,#DIV/0!,,#DIV/0!,,#DIV/0!,,,,,,,#DIV/0!,,#DIV/0!,,#DIV/0!,,#DIV/0!,,#DIV/0!,,#DIV/0!,,#DIV/0!,,#DIV/0!,,#DIV/0!,,#DIV/0!,,,,,,,#DIV/0!,,#DIV/0!,,#DIV/0!,,#DIV/0!,,#DIV/0!,,#DIV/0!,,#DIV/0!,,#DIV/0!,,#DIV/0!,,#DIV/0!,,,,,,,,,,,,,,,,,,,,
Cook,,,,,,,,,,,,#DIV/0!,,#DIV/0!,,#DIV/0!,,#DIV/0!,,#DIV/0!,,#DIV/0!,,#DIV/0!,,#DIV/0!,,#DIV/0!,,#DIV/0!,,,,,,,#DIV/0!,,#DIV/0!,,#DIV/0!,,#DIV/0!,,#DIV/0!,,#DIV/0!,,#DIV/0!,,#DIV/0!,,#DIV/0!,,#DIV/0!,,,,,,,#DIV/0!,,#DIV/0!,,#DIV/0!,,#DIV/0!,,#DIV/0!,,#DIV/0!,,#DIV/0!,,#DIV/0!,,#DIV/0!,,#DIV/0!,,,,,,,#DIV/0!,,#DIV/0!,,#DIV/0!,,#DIV/0!,,#DIV/0!,,#DIV/0!,,#DIV/0!,,#DIV/0!,,#DIV/0!,,#DIV/0!,,,,,,,#DIV/0!,,#DIV/0!,,#DIV/0!,,#DIV/0!,,#DIV/0!,,#DIV/0!,,#DIV/0!,,#DIV/0!,,#DIV/0!,,#DIV/0!,,,,,,,#DIV/0!,,#DIV/0!,,#DIV/0!,,#DIV/0!,,#DIV/0!,,#DIV/0!,,#DIV/0!,,#DIV/0!,,#DIV/0!,,#DIV/0!,,,,,,,,,,,,,,,,,,,,
Barton,,,,,,,,,,,,#DIV/0!,,#DIV/0!,,#DIV/0!,,#DIV/0!,,#DIV/0!,,#DIV/0!,,#DIV/0!,,#DIV/0!,,#DIV/0!,,#DIV/0!,,,,,,,#DIV/0!,,#DIV/0!,,#DIV/0!,,#DIV/0!,,#DIV/0!,,#DIV/0!,,#DIV/0!,,#DIV/0!,,#DIV/0!,,#DIV/0!,,,,,,,#DIV/0!,,#DIV/0!,,#DIV/0!,,#DIV/0!,,#DIV/0!,,#DIV/0!,,#DIV/0!,,#DIV/0!,,#DIV/0!,,#DIV/0!,,,,,,,#DIV/0!,,#DIV/0!,,#DIV/0!,,#DIV/0!,,#DIV/0!,,#DIV/0!,,#DIV/0!,,#DIV/0!,,#DIV/0!,,#DIV/0!,,,,,,,#DIV/0!,,#DIV/0!,,#DIV/0!,,#DIV/0!,,#DIV/0!,,#DIV/0!,,#DIV/0!,,#DIV/0!,,#DIV/0!,,#DIV/0!,,,,,,,#DIV/0!,,#DIV/0!,,#DIV/0!,,#DIV/0!,,#DIV/0!,,#DIV/0!,,#DIV/0!,,#DIV/0!,,#DIV/0!,,#DIV/0!,,,,,,,,,,,,,,,,,,,,
Blaxland,,,,,,,,,,,,#DIV/0!,,#DIV/0!,,#DIV/0!,,#DIV/0!,,#DIV/0!,,#DIV/0!,,#DIV/0!,,#DIV/0!,,#DIV/0!,,#DIV/0!,,,,,,,#DIV/0!,,#DIV/0!,,#DIV/0!,,#DIV/0!,,#DIV/0!,,#DIV/0!,,#DIV/0!,,#DIV/0!,,#DIV/0!,,#DIV/0!,,,,,,,#DIV/0!,,#DIV/0!,,#DIV/0!,,#DIV/0!,,#DIV/0!,,#DIV/0!,,#DIV/0!,,#DIV/0!,,#DIV/0!,,#DIV/0!,,,,,,,#DIV/0!,,#DIV/0!,,#DIV/0!,,#DIV/0!,,#DIV/0!,,#DIV/0!,,#DIV/0!,,#DIV/0!,,#DIV/0!,,#DIV/0!,,,,,,,#DIV/0!,,#DIV/0!,,#DIV/0!,,#DIV/0!,,#DIV/0!,,#DIV/0!,,#DIV/0!,,#DIV/0!,,#DIV/0!,,#DIV/0!,,,,,,,#DIV/0!,,#DIV/0!,,#DIV/0!,,#DIV/0!,,#DIV/0!,,#DIV/0!,,#DIV/0!,,#DIV/0!,,#DIV/0!,,#DIV/0!,,,,,,,,,,,,,,,,,,,,
Grayndler,,,,,,,,,,,,#DIV/0!,,#DIV/0!,,#DIV/0!,,#DIV/0!,,#DIV/0!,,#DIV/0!,,#DIV/0!,,#DIV/0!,,#DIV/0!,,#DIV/0!,,,,,,,#DIV/0!,,#DIV/0!,,#DIV/0!,,#DIV/0!,,#DIV/0!,,#DIV/0!,,#DIV/0!,,#DIV/0!,,#DIV/0!,,#DIV/0!,,,,,,,#DIV/0!,,#DIV/0!,,#DIV/0!,,#DIV/0!,,#DIV/0!,,#DIV/0!,,#DIV/0!,,#DIV/0!,,#DIV/0!,,#DIV/0!,,,,,,,#DIV/0!,,#DIV/0!,,#DIV/0!,,#DIV/0!,,#DIV/0!,,#DIV/0!,,#DIV/0!,,#DIV/0!,,#DIV/0!,,#DIV/0!,,,,,,,#DIV/0!,,#DIV/0!,,#DIV/0!,,#DIV/0!,,#DIV/0!,,#DIV/0!,,#DIV/0!,,#DIV/0!,,#DIV/0!,,#DIV/0!,,,,,,,#DIV/0!,,#DIV/0!,,#DIV/0!,,#DIV/0!,,#DIV/0!,,#DIV/0!,,#DIV/0!,,#DIV/0!,,#DIV/0!,,#DIV/0!,,,,,,,,,,,,,,,,,,,,
Parramatta,,,,,,,,,,,,#DIV/0!,,#DIV/0!,,#DIV/0!,,#DIV/0!,,#DIV/0!,,#DIV/0!,,#DIV/0!,,#DIV/0!,,#DIV/0!,,#DIV/0!,,,,,,,#DIV/0!,,#DIV/0!,,#DIV/0!,,#DIV/0!,,#DIV/0!,,#DIV/0!,,#DIV/0!,,#DIV/0!,,#DIV/0!,,#DIV/0!,,,,,,,#DIV/0!,,#DIV/0!,,#DIV/0!,,#DIV/0!,,#DIV/0!,,#DIV/0!,,#DIV/0!,,#DIV/0!,,#DIV/0!,,#DIV/0!,,,,,,,#DIV/0!,,#DIV/0!,,#DIV/0!,,#DIV/0!,,#DIV/0!,,#DIV/0!,,#DIV/0!,,#DIV/0!,,#DIV/0!,,#DIV/0!,,,,,,,#DIV/0!,,#DIV/0!,,#DIV/0!,,#DIV/0!,,#DIV/0!,,#DIV/0!,,#DIV/0!,,#DIV/0!,,#DIV/0!,,#DIV/0!,,,,,,,#DIV/0!,,#DIV/0!,,#DIV/0!,,#DIV/0!,,#DIV/0!,,#DIV/0!,,#DIV/0!,,#DIV/0!,,#DIV/0!,,#DIV/0!,,,,,,,,,,,,,,,,,,,,
Reid,,,,,,,,,,,,#DIV/0!,,#DIV/0!,,#DIV/0!,,#DIV/0!,,#DIV/0!,,#DIV/0!,,#DIV/0!,,#DIV/0!,,#DIV/0!,,#DIV/0!,,,,,,,#DIV/0!,,#DIV/0!,,#DIV/0!,,#DIV/0!,,#DIV/0!,,#DIV/0!,,#DIV/0!,,#DIV/0!,,#DIV/0!,,#DIV/0!,,,,,,,#DIV/0!,,#DIV/0!,,#DIV/0!,,#DIV/0!,,#DIV/0!,,#DIV/0!,,#DIV/0!,,#DIV/0!,,#DIV/0!,,#DIV/0!,,,,,,,#DIV/0!,,#DIV/0!,,#DIV/0!,,#DIV/0!,,#DIV/0!,,#DIV/0!,,#DIV/0!,,#DIV/0!,,#DIV/0!,,#DIV/0!,,,,,,,#DIV/0!,,#DIV/0!,,#DIV/0!,,#DIV/0!,,#DIV/0!,,#DIV/0!,,#DIV/0!,,#DIV/0!,,#DIV/0!,,#DIV/0!,,,,,,,#DIV/0!,,#DIV/0!,,#DIV/0!,,#DIV/0!,,#DIV/0!,,#DIV/0!,,#DIV/0!,,#DIV/0!,,#DIV/0!,,#DIV/0!,,,,,,,,,,,,,,,,,,,,
Watson,,,,,,,,,,,,#DIV/0!,,#DIV/0!,,#DIV/0!,,#DIV/0!,,#DIV/0!,,#DIV/0!,,#DIV/0!,,#DIV/0!,,#DIV/0!,,#DIV/0!,,,,,,,#DIV/0!,,#DIV/0!,,#DIV/0!,,#DIV/0!,,#DIV/0!,,#DIV/0!,,#DIV/0!,,#DIV/0!,,#DIV/0!,,#DIV/0!,,,,,,,#DIV/0!,,#DIV/0!,,#DIV/0!,,#DIV/0!,,#DIV/0!,,#DIV/0!,,#DIV/0!,,#DIV/0!,,#DIV/0!,,#DIV/0!,,,,,,,#DIV/0!,,#DIV/0!,,#DIV/0!,,#DIV/0!,,#DIV/0!,,#DIV/0!,,#DIV/0!,,#DIV/0!,,#DIV/0!,,#DIV/0!,,,,,,,#DIV/0!,,#DIV/0!,,#DIV/0!,,#DIV/0!,,#DIV/0!,,#DIV/0!,,#DIV/0!,,#DIV/0!,,#DIV/0!,,#DIV/0!,,,,,,,#DIV/0!,,#DIV/0!,,#DIV/0!,,#DIV/0!,,#DIV/0!,,#DIV/0!,,#DIV/0!,,#DIV/0!,,#DIV/0!,,#DIV/0!,,,,,,,,,,,,,,,,,,,,
Berowra,,,,,,,,,,,,#DIV/0!,,#DIV/0!,,#DIV/0!,,#DIV/0!,,#DIV/0!,,#DIV/0!,,#DIV/0!,,#DIV/0!,,#DIV/0!,,#DIV/0!,,,,,,,#DIV/0!,,#DIV/0!,,#DIV/0!,,#DIV/0!,,#DIV/0!,,#DIV/0!,,#DIV/0!,,#DIV/0!,,#DIV/0!,,#DIV/0!,,,,,,,#DIV/0!,,#DIV/0!,,#DIV/0!,,#DIV/0!,,#DIV/0!,,#DIV/0!,,#DIV/0!,,#DIV/0!,,#DIV/0!,,#DIV/0!,,,,,,,#DIV/0!,,#DIV/0!,,#DIV/0!,,#DIV/0!,,#DIV/0!,,#DIV/0!,,#DIV/0!,,#DIV/0!,,#DIV/0!,,#DIV/0!,,,,,,,#DIV/0!,,#DIV/0!,,#DIV/0!,,#DIV/0!,,#DIV/0!,,#DIV/0!,,#DIV/0!,,#DIV/0!,,#DIV/0!,,#DIV/0!,,,,,,,#DIV/0!,,#DIV/0!,,#DIV/0!,,#DIV/0!,,#DIV/0!,,#DIV/0!,,#DIV/0!,,#DIV/0!,,#DIV/0!,,#DIV/0!,,,,,,,,,,,,,,,,,,,,
Mackellar,,,,,,,,,,,,#DIV/0!,,#DIV/0!,,#DIV/0!,,#DIV/0!,,#DIV/0!,,#DIV/0!,,#DIV/0!,,#DIV/0!,,#DIV/0!,,#DIV/0!,,,,,,,#DIV/0!,,#DIV/0!,,#DIV/0!,,#DIV/0!,,#DIV/0!,,#DIV/0!,,#DIV/0!,,#DIV/0!,,#DIV/0!,,#DIV/0!,,,,,,,#DIV/0!,,#DIV/0!,,#DIV/0!,,#DIV/0!,,#DIV/0!,,#DIV/0!,,#DIV/0!,,#DIV/0!,,#DIV/0!,,#DIV/0!,,,,,,,#DIV/0!,,#DIV/0!,,#DIV/0!,,#DIV/0!,,#DIV/0!,,#DIV/0!,,#DIV/0!,,#DIV/0!,,#DIV/0!,,#DIV/0!,,,,,,,#DIV/0!,,#DIV/0!,,#DIV/0!,,#DIV/0!,,#DIV/0!,,#DIV/0!,,#DIV/0!,,#DIV/0!,,#DIV/0!,,#DIV/0!,,,,,,,#DIV/0!,,#DIV/0!,,#DIV/0!,,#DIV/0!,,#DIV/0!,,#DIV/0!,,#DIV/0!,,#DIV/0!,,#DIV/0!,,#DIV/0!,,,,,,,,,,,,,,,,,,,,
Mitchell,,,,,,,,,,,,#DIV/0!,,#DIV/0!,,#DIV/0!,,#DIV/0!,,#DIV/0!,,#DIV/0!,,#DIV/0!,,#DIV/0!,,#DIV/0!,,#DIV/0!,,,,,,,#DIV/0!,,#DIV/0!,,#DIV/0!,,#DIV/0!,,#DIV/0!,,#DIV/0!,,#DIV/0!,,#DIV/0!,,#DIV/0!,,#DIV/0!,,,,,,,#DIV/0!,,#DIV/0!,,#DIV/0!,,#DIV/0!,,#DIV/0!,,#DIV/0!,,#DIV/0!,,#DIV/0!,,#DIV/0!,,#DIV/0!,,,,,,,#DIV/0!,,#DIV/0!,,#DIV/0!,,#DIV/0!,,#DIV/0!,,#DIV/0!,,#DIV/0!,,#DIV/0!,,#DIV/0!,,#DIV/0!,,,,,,,#DIV/0!,,#DIV/0!,,#DIV/0!,,#DIV/0!,,#DIV/0!,,#DIV/0!,,#DIV/0!,,#DIV/0!,,#DIV/0!,,#DIV/0!,,,,,,,#DIV/0!,,#DIV/0!,,#DIV/0!,,#DIV/0!,,#DIV/0!,,#DIV/0!,,#DIV/0!,,#DIV/0!,,#DIV/0!,,#DIV/0!,,,,,,,,,,,,,,,,,,,,
Chifley,,,,,,,,,,,,#DIV/0!,,#DIV/0!,,#DIV/0!,,#DIV/0!,,#DIV/0!,,#DIV/0!,,#DIV/0!,,#DIV/0!,,#DIV/0!,,#DIV/0!,,,,,,,#DIV/0!,,#DIV/0!,,#DIV/0!,,#DIV/0!,,#DIV/0!,,#DIV/0!,,#DIV/0!,,#DIV/0!,,#DIV/0!,,#DIV/0!,,,,,,,#DIV/0!,,#DIV/0!,,#DIV/0!,,#DIV/0!,,#DIV/0!,,#DIV/0!,,#DIV/0!,,#DIV/0!,,#DIV/0!,,#DIV/0!,,,,,,,#DIV/0!,,#DIV/0!,,#DIV/0!,,#DIV/0!,,#DIV/0!,,#DIV/0!,,#DIV/0!,,#DIV/0!,,#DIV/0!,,#DIV/0!,,,,,,,#DIV/0!,,#DIV/0!,,#DIV/0!,,#DIV/0!,,#DIV/0!,,#DIV/0!,,#DIV/0!,,#DIV/0!,,#DIV/0!,,#DIV/0!,,,,,,,#DIV/0!,,#DIV/0!,,#DIV/0!,,#DIV/0!,,#DIV/0!,,#DIV/0!,,#DIV/0!,,#DIV/0!,,#DIV/0!,,#DIV/0!,,,,,,,,,,,,,,,,,,,,
Fowler,,,,,,,,,,,,#DIV/0!,,#DIV/0!,,#DIV/0!,,#DIV/0!,,#DIV/0!,,#DIV/0!,,#DIV/0!,,#DIV/0!,,#DIV/0!,,#DIV/0!,,,,,,,#DIV/0!,,#DIV/0!,,#DIV/0!,,#DIV/0!,,#DIV/0!,,#DIV/0!,,#DIV/0!,,#DIV/0!,,#DIV/0!,,#DIV/0!,,,,,,,#DIV/0!,,#DIV/0!,,#DIV/0!,,#DIV/0!,,#DIV/0!,,#DIV/0!,,#DIV/0!,,#DIV/0!,,#DIV/0!,,#DIV/0!,,,,,,,#DIV/0!,,#DIV/0!,,#DIV/0!,,#DIV/0!,,#DIV/0!,,#DIV/0!,,#DIV/0!,,#DIV/0!,,#DIV/0!,,#DIV/0!,,,,,,,#DIV/0!,,#DIV/0!,,#DIV/0!,,#DIV/0!,,#DIV/0!,,#DIV/0!,,#DIV/0!,,#DIV/0!,,#DIV/0!,,#DIV/0!,,,,,,,#DIV/0!,,#DIV/0!,,#DIV/0!,,#DIV/0!,,#DIV/0!,,#DIV/0!,,#DIV/0!,,#DIV/0!,,#DIV/0!,,#DIV/0!,,,,,,,,,,,,,,,,,,,,
Greenway,,,,,,,,,,,,#DIV/0!,,#DIV/0!,,#DIV/0!,,#DIV/0!,,#DIV/0!,,#DIV/0!,,#DIV/0!,,#DIV/0!,,#DIV/0!,,#DIV/0!,,,,,,,#DIV/0!,,#DIV/0!,,#DIV/0!,,#DIV/0!,,#DIV/0!,,#DIV/0!,,#DIV/0!,,#DIV/0!,,#DIV/0!,,#DIV/0!,,,,,,,#DIV/0!,,#DIV/0!,,#DIV/0!,,#DIV/0!,,#DIV/0!,,#DIV/0!,,#DIV/0!,,#DIV/0!,,#DIV/0!,,#DIV/0!,,,,,,,#DIV/0!,,#DIV/0!,,#DIV/0!,,#DIV/0!,,#DIV/0!,,#DIV/0!,,#DIV/0!,,#DIV/0!,,#DIV/0!,,#DIV/0!,,,,,,,#DIV/0!,,#DIV/0!,,#DIV/0!,,#DIV/0!,,#DIV/0!,,#DIV/0!,,#DIV/0!,,#DIV/0!,,#DIV/0!,,#DIV/0!,,,,,,,#DIV/0!,,#DIV/0!,,#DIV/0!,,#DIV/0!,,#DIV/0!,,#DIV/0!,,#DIV/0!,,#DIV/0!,,#DIV/0!,,#DIV/0!,,,,,,,,,,,,,,,,,,,,
Lindsay,,,,,,,,,,,,#DIV/0!,,#DIV/0!,,#DIV/0!,,#DIV/0!,,#DIV/0!,,#DIV/0!,,#DIV/0!,,#DIV/0!,,#DIV/0!,,#DIV/0!,,,,,,,#DIV/0!,,#DIV/0!,,#DIV/0!,,#DIV/0!,,#DIV/0!,,#DIV/0!,,#DIV/0!,,#DIV/0!,,#DIV/0!,,#DIV/0!,,,,,,,#DIV/0!,,#DIV/0!,,#DIV/0!,,#DIV/0!,,#DIV/0!,,#DIV/0!,,#DIV/0!,,#DIV/0!,,#DIV/0!,,#DIV/0!,,,,,,,#DIV/0!,,#DIV/0!,,#DIV/0!,,#DIV/0!,,#DIV/0!,,#DIV/0!,,#DIV/0!,,#DIV/0!,,#DIV/0!,,#DIV/0!,,,,,,,#DIV/0!,,#DIV/0!,,#DIV/0!,,#DIV/0!,,#DIV/0!,,#DIV/0!,,#DIV/0!,,#DIV/0!,,#DIV/0!,,#DIV/0!,,,,,,,#DIV/0!,,#DIV/0!,,#DIV/0!,,#DIV/0!,,#DIV/0!,,#DIV/0!,,#DIV/0!,,#DIV/0!,,#DIV/0!,,#DIV/0!,,,,,,,,,,,,,,,,,,,,
McMahon,,,,,,,,,,,,#DIV/0!,,#DIV/0!,,#DIV/0!,,#DIV/0!,,#DIV/0!,,#DIV/0!,,#DIV/0!,,#DIV/0!,,#DIV/0!,,#DIV/0!,,,,,,,#DIV/0!,,#DIV/0!,,#DIV/0!,,#DIV/0!,,#DIV/0!,,#DIV/0!,,#DIV/0!,,#DIV/0!,,#DIV/0!,,#DIV/0!,,,,,,,#DIV/0!,,#DIV/0!,,#DIV/0!,,#DIV/0!,,#DIV/0!,,#DIV/0!,,#DIV/0!,,#DIV/0!,,#DIV/0!,,#DIV/0!,,,,,,,#DIV/0!,,#DIV/0!,,#DIV/0!,,#DIV/0!,,#DIV/0!,,#DIV/0!,,#DIV/0!,,#DIV/0!,,#DIV/0!,,#DIV/0!,,,,,,,#DIV/0!,,#DIV/0!,,#DIV/0!,,#DIV/0!,,#DIV/0!,,#DIV/0!,,#DIV/0!,,#DIV/0!,,#DIV/0!,,#DIV/0!,,,,,,,#DIV/0!,,#DIV/0!,,#DIV/0!,,#DIV/0!,,#DIV/0!,,#DIV/0!,,#DIV/0!,,#DIV/0!,,#DIV/0!,,#DIV/0!,,,,,,,,,,,,,,,,,,,,
Hughes,,,,,,,,,,,,#DIV/0!,,#DIV/0!,,#DIV/0!,,#DIV/0!,,#DIV/0!,,#DIV/0!,,#DIV/0!,,#DIV/0!,,#DIV/0!,,#DIV/0!,,,,,,,#DIV/0!,,#DIV/0!,,#DIV/0!,,#DIV/0!,,#DIV/0!,,#DIV/0!,,#DIV/0!,,#DIV/0!,,#DIV/0!,,#DIV/0!,,,,,,,#DIV/0!,,#DIV/0!,,#DIV/0!,,#DIV/0!,,#DIV/0!,,#DIV/0!,,#DIV/0!,,#DIV/0!,,#DIV/0!,,#DIV/0!,,,,,,,#DIV/0!,,#DIV/0!,,#DIV/0!,,#DIV/0!,,#DIV/0!,,#DIV/0!,,#DIV/0!,,#DIV/0!,,#DIV/0!,,#DIV/0!,,,,,,,#DIV/0!,,#DIV/0!,,#DIV/0!,,#DIV/0!,,#DIV/0!,,#DIV/0!,,#DIV/0!,,#DIV/0!,,#DIV/0!,,#DIV/0!,,,,,,,#DIV/0!,,#DIV/0!,,#DIV/0!,,#DIV/0!,,#DIV/0!,,#DIV/0!,,#DIV/0!,,#DIV/0!,,#DIV/0!,,#DIV/0!,,,,,,,,,,,,,,,,,,,,
Hume,,,,,,,,,,,,#DIV/0!,,#DIV/0!,,#DIV/0!,,#DIV/0!,,#DIV/0!,,#DIV/0!,,#DIV/0!,,#DIV/0!,,#DIV/0!,,#DIV/0!,,,,,,,#DIV/0!,,#DIV/0!,,#DIV/0!,,#DIV/0!,,#DIV/0!,,#DIV/0!,,#DIV/0!,,#DIV/0!,,#DIV/0!,,#DIV/0!,,,,,,,#DIV/0!,,#DIV/0!,,#DIV/0!,,#DIV/0!,,#DIV/0!,,#DIV/0!,,#DIV/0!,,#DIV/0!,,#DIV/0!,,#DIV/0!,,,,,,,#DIV/0!,,#DIV/0!,,#DIV/0!,,#DIV/0!,,#DIV/0!,,#DIV/0!,,#DIV/0!,,#DIV/0!,,#DIV/0!,,#DIV/0!,,,,,,,#DIV/0!,,#DIV/0!,,#DIV/0!,,#DIV/0!,,#DIV/0!,,#DIV/0!,,#DIV/0!,,#DIV/0!,,#DIV/0!,,#DIV/0!,,,,,,,#DIV/0!,,#DIV/0!,,#DIV/0!,,#DIV/0!,,#DIV/0!,,#DIV/0!,,#DIV/0!,,#DIV/0!,,#DIV/0!,,#DIV/0!,,,,,,,,,,,,,,,,,,,,
Macarthur,,,,,,,,,,,,#DIV/0!,,#DIV/0!,,#DIV/0!,,#DIV/0!,,#DIV/0!,,#DIV/0!,,#DIV/0!,,#DIV/0!,,#DIV/0!,,#DIV/0!,,,,,,,#DIV/0!,,#DIV/0!,,#DIV/0!,,#DIV/0!,,#DIV/0!,,#DIV/0!,,#DIV/0!,,#DIV/0!,,#DIV/0!,,#DIV/0!,,,,,,,#DIV/0!,,#DIV/0!,,#DIV/0!,,#DIV/0!,,#DIV/0!,,#DIV/0!,,#DIV/0!,,#DIV/0!,,#DIV/0!,,#DIV/0!,,,,,,,#DIV/0!,,#DIV/0!,,#DIV/0!,,#DIV/0!,,#DIV/0!,,#DIV/0!,,#DIV/0!,,#DIV/0!,,#DIV/0!,,#DIV/0!,,,,,,,#DIV/0!,,#DIV/0!,,#DIV/0!,,#DIV/0!,,#DIV/0!,,#DIV/0!,,#DIV/0!,,#DIV/0!,,#DIV/0!,,#DIV/0!,,,,,,,#DIV/0!,,#DIV/0!,,#DIV/0!,,#DIV/0!,,#DIV/0!,,#DIV/0!,,#DIV/0!,,#DIV/0!,,#DIV/0!,,#DIV/0!,,,,,,,,,,,,,,,,,,,,
Werriwa,,,,,,,,,,,,#DIV/0!,,#DIV/0!,,#DIV/0!,,#DIV/0!,,#DIV/0!,,#DIV/0!,,#DIV/0!,,#DIV/0!,,#DIV/0!,,#DIV/0!,,,,,,,#DIV/0!,,#DIV/0!,,#DIV/0!,,#DIV/0!,,#DIV/0!,,#DIV/0!,,#DIV/0!,,#DIV/0!,,#DIV/0!,,#DIV/0!,,,,,,,#DIV/0!,,#DIV/0!,,#DIV/0!,,#DIV/0!,,#DIV/0!,,#DIV/0!,,#DIV/0!,,#DIV/0!,,#DIV/0!,,#DIV/0!,,,,,,,#DIV/0!,,#DIV/0!,,#DIV/0!,,#DIV/0!,,#DIV/0!,,#DIV/0!,,#DIV/0!,,#DIV/0!,,#DIV/0!,,#DIV/0!,,,,,,,#DIV/0!,,#DIV/0!,,#DIV/0!,,#DIV/0!,,#DIV/0!,,#DIV/0!,,#DIV/0!,,#DIV/0!,,#DIV/0!,,#DIV/0!,,,,,,,#DIV/0!,,#DIV/0!,,#DIV/0!,,#DIV/0!,,#DIV/0!,,#DIV/0!,,#DIV/0!,,#DIV/0!,,#DIV/0!,,#DIV/0!,,,,,,,,,,,,,,,,,,,,
Dobell,,,,,,,,,,,,#DIV/0!,,#DIV/0!,,#DIV/0!,,#DIV/0!,,#DIV/0!,,#DIV/0!,,#DIV/0!,,#DIV/0!,,#DIV/0!,,#DIV/0!,,,,,,,#DIV/0!,,#DIV/0!,,#DIV/0!,,#DIV/0!,,#DIV/0!,,#DIV/0!,,#DIV/0!,,#DIV/0!,,#DIV/0!,,#DIV/0!,,,,,,,#DIV/0!,,#DIV/0!,,#DIV/0!,,#DIV/0!,,#DIV/0!,,#DIV/0!,,#DIV/0!,,#DIV/0!,,#DIV/0!,,#DIV/0!,,,,,,,#DIV/0!,,#DIV/0!,,#DIV/0!,,#DIV/0!,,#DIV/0!,,#DIV/0!,,#DIV/0!,,#DIV/0!,,#DIV/0!,,#DIV/0!,,,,,,,#DIV/0!,,#DIV/0!,,#DIV/0!,,#DIV/0!,,#DIV/0!,,#DIV/0!,,#DIV/0!,,#DIV/0!,,#DIV/0!,,#DIV/0!,,,,,,,#DIV/0!,,#DIV/0!,,#DIV/0!,,#DIV/0!,,#DIV/0!,,#DIV/0!,,#DIV/0!,,#DIV/0!,,#DIV/0!,,#DIV/0!,,,,,,,,,,,,,,,,,,,,
Newcastle,,,,,,,,,,,,#DIV/0!,,#DIV/0!,,#DIV/0!,,#DIV/0!,,#DIV/0!,,#DIV/0!,,#DIV/0!,,#DIV/0!,,#DIV/0!,,#DIV/0!,,,,,,,#DIV/0!,,#DIV/0!,,#DIV/0!,,#DIV/0!,,#DIV/0!,,#DIV/0!,,#DIV/0!,,#DIV/0!,,#DIV/0!,,#DIV/0!,,,,,,,#DIV/0!,,#DIV/0!,,#DIV/0!,,#DIV/0!,,#DIV/0!,,#DIV/0!,,#DIV/0!,,#DIV/0!,,#DIV/0!,,#DIV/0!,,,,,,,#DIV/0!,,#DIV/0!,,#DIV/0!,,#DIV/0!,,#DIV/0!,,#DIV/0!,,#DIV/0!,,#DIV/0!,,#DIV/0!,,#DIV/0!,,,,,,,#DIV/0!,,#DIV/0!,,#DIV/0!,,#DIV/0!,,#DIV/0!,,#DIV/0!,,#DIV/0!,,#DIV/0!,,#DIV/0!,,#DIV/0!,,,,,,,#DIV/0!,,#DIV/0!,,#DIV/0!,,#DIV/0!,,#DIV/0!,,#DIV/0!,,#DIV/0!,,#DIV/0!,,#DIV/0!,,#DIV/0!,,,,,,,,,,,,,,,,,,,,
Paterson,,,,,,,,,,,,#DIV/0!,,#DIV/0!,,#DIV/0!,,#DIV/0!,,#DIV/0!,,#DIV/0!,,#DIV/0!,,#DIV/0!,,#DIV/0!,,#DIV/0!,,,,,,,#DIV/0!,,#DIV/0!,,#DIV/0!,,#DIV/0!,,#DIV/0!,,#DIV/0!,,#DIV/0!,,#DIV/0!,,#DIV/0!,,#DIV/0!,,,,,,,#DIV/0!,,#DIV/0!,,#DIV/0!,,#DIV/0!,,#DIV/0!,,#DIV/0!,,#DIV/0!,,#DIV/0!,,#DIV/0!,,#DIV/0!,,,,,,,#DIV/0!,,#DIV/0!,,#DIV/0!,,#DIV/0!,,#DIV/0!,,#DIV/0!,,#DIV/0!,,#DIV/0!,,#DIV/0!,,#DIV/0!,,,,,,,#DIV/0!,,#DIV/0!,,#DIV/0!,,#DIV/0!,,#DIV/0!,,#DIV/0!,,#DIV/0!,,#DIV/0!,,#DIV/0!,,#DIV/0!,,,,,,,#DIV/0!,,#DIV/0!,,#DIV/0!,,#DIV/0!,,#DIV/0!,,#DIV/0!,,#DIV/0!,,#DIV/0!,,#DIV/0!,,#DIV/0!,,,,,,,,,,,,,,,,,,,,
Robertson,,,,,,,,,,,,#DIV/0!,,#DIV/0!,,#DIV/0!,,#DIV/0!,,#DIV/0!,,#DIV/0!,,#DIV/0!,,#DIV/0!,,#DIV/0!,,#DIV/0!,,,,,,,#DIV/0!,,#DIV/0!,,#DIV/0!,,#DIV/0!,,#DIV/0!,,#DIV/0!,,#DIV/0!,,#DIV/0!,,#DIV/0!,,#DIV/0!,,,,,,,#DIV/0!,,#DIV/0!,,#DIV/0!,,#DIV/0!,,#DIV/0!,,#DIV/0!,,#DIV/0!,,#DIV/0!,,#DIV/0!,,#DIV/0!,,,,,,,#DIV/0!,,#DIV/0!,,#DIV/0!,,#DIV/0!,,#DIV/0!,,#DIV/0!,,#DIV/0!,,#DIV/0!,,#DIV/0!,,#DIV/0!,,,,,,,#DIV/0!,,#DIV/0!,,#DIV/0!,,#DIV/0!,,#DIV/0!,,#DIV/0!,,#DIV/0!,,#DIV/0!,,#DIV/0!,,#DIV/0!,,,,,,,#DIV/0!,,#DIV/0!,,#DIV/0!,,#DIV/0!,,#DIV/0!,,#DIV/0!,,#DIV/0!,,#DIV/0!,,#DIV/0!,,#DIV/0!,,,,,,,,,,,,,,,,,,,,
Shortland,,,,,,,,,,,,#DIV/0!,,#DIV/0!,,#DIV/0!,,#DIV/0!,,#DIV/0!,,#DIV/0!,,#DIV/0!,,#DIV/0!,,#DIV/0!,,#DIV/0!,,,,,,,#DIV/0!,,#DIV/0!,,#DIV/0!,,#DIV/0!,,#DIV/0!,,#DIV/0!,,#DIV/0!,,#DIV/0!,,#DIV/0!,,#DIV/0!,,,,,,,#DIV/0!,,#DIV/0!,,#DIV/0!,,#DIV/0!,,#DIV/0!,,#DIV/0!,,#DIV/0!,,#DIV/0!,,#DIV/0!,,#DIV/0!,,,,,,,#DIV/0!,,#DIV/0!,,#DIV/0!,,#DIV/0!,,#DIV/0!,,#DIV/0!,,#DIV/0!,,#DIV/0!,,#DIV/0!,,#DIV/0!,,,,,,,#DIV/0!,,#DIV/0!,,#DIV/0!,,#DIV/0!,,#DIV/0!,,#DIV/0!,,#DIV/0!,,#DIV/0!,,#DIV/0!,,#DIV/0!,,,,,,,#DIV/0!,,#DIV/0!,,#DIV/0!,,#DIV/0!,,#DIV/0!,,#DIV/0!,,#DIV/0!,,#DIV/0!,,#DIV/0!,,#DIV/0!,,,,,,,,,,,,,,,,,,,,
Macquarie,,,,,,,,,,,,#DIV/0!,,#DIV/0!,,#DIV/0!,,#DIV/0!,,#DIV/0!,,#DIV/0!,,#DIV/0!,,#DIV/0!,,#DIV/0!,,#DIV/0!,,,,,,,#DIV/0!,,#DIV/0!,,#DIV/0!,,#DIV/0!,,#DIV/0!,,#DIV/0!,,#DIV/0!,,#DIV/0!,,#DIV/0!,,#DIV/0!,,,,,,,#DIV/0!,,#DIV/0!,,#DIV/0!,,#DIV/0!,,#DIV/0!,,#DIV/0!,,#DIV/0!,,#DIV/0!,,#DIV/0!,,#DIV/0!,,,,,,,#DIV/0!,,#DIV/0!,,#DIV/0!,,#DIV/0!,,#DIV/0!,,#DIV/0!,,#DIV/0!,,#DIV/0!,,#DIV/0!,,#DIV/0!,,,,,,,#DIV/0!,,#DIV/0!,,#DIV/0!,,#DIV/0!,,#DIV/0!,,#DIV/0!,,#DIV/0!,,#DIV/0!,,#DIV/0!,,#DIV/0!,,,,,,,#DIV/0!,,#DIV/0!,,#DIV/0!,,#DIV/0!,,#DIV/0!,,#DIV/0!,,#DIV/0!,,#DIV/0!,,#DIV/0!,,#DIV/0!,,,,,,,,,,,,,,,,,,,,
Cowper,,,,,,,,,,,,#DIV/0!,,#DIV/0!,,#DIV/0!,,#DIV/0!,,#DIV/0!,,#DIV/0!,,#DIV/0!,,#DIV/0!,,#DIV/0!,,#DIV/0!,,,,,,,#DIV/0!,,#DIV/0!,,#DIV/0!,,#DIV/0!,,#DIV/0!,,#DIV/0!,,#DIV/0!,,#DIV/0!,,#DIV/0!,,#DIV/0!,,,,,,,#DIV/0!,,#DIV/0!,,#DIV/0!,,#DIV/0!,,#DIV/0!,,#DIV/0!,,#DIV/0!,,#DIV/0!,,#DIV/0!,,#DIV/0!,,,,,,,#DIV/0!,,#DIV/0!,,#DIV/0!,,#DIV/0!,,#DIV/0!,,#DIV/0!,,#DIV/0!,,#DIV/0!,,#DIV/0!,,#DIV/0!,,,,,,,#DIV/0!,,#DIV/0!,,#DIV/0!,,#DIV/0!,,#DIV/0!,,#DIV/0!,,#DIV/0!,,#DIV/0!,,#DIV/0!,,#DIV/0!,,,,,,,#DIV/0!,,#DIV/0!,,#DIV/0!,,#DIV/0!,,#DIV/0!,,#DIV/0!,,#DIV/0!,,#DIV/0!,,#DIV/0!,,#DIV/0!,,,,,,,,,,,,,,,,,,,,
Cunningham,,,,,,,,,,,,#DIV/0!,,#DIV/0!,,#DIV/0!,,#DIV/0!,,#DIV/0!,,#DIV/0!,,#DIV/0!,,#DIV/0!,,#DIV/0!,,#DIV/0!,,,,,,,#DIV/0!,,#DIV/0!,,#DIV/0!,,#DIV/0!,,#DIV/0!,,#DIV/0!,,#DIV/0!,,#DIV/0!,,#DIV/0!,,#DIV/0!,,,,,,,#DIV/0!,,#DIV/0!,,#DIV/0!,,#DIV/0!,,#DIV/0!,,#DIV/0!,,#DIV/0!,,#DIV/0!,,#DIV/0!,,#DIV/0!,,,,,,,#DIV/0!,,#DIV/0!,,#DIV/0!,,#DIV/0!,,#DIV/0!,,#DIV/0!,,#DIV/0!,,#DIV/0!,,#DIV/0!,,#DIV/0!,,,,,,,#DIV/0!,,#DIV/0!,,#DIV/0!,,#DIV/0!,,#DIV/0!,,#DIV/0!,,#DIV/0!,,#DIV/0!,,#DIV/0!,,#DIV/0!,,,,,,,#DIV/0!,,#DIV/0!,,#DIV/0!,,#DIV/0!,,#DIV/0!,,#DIV/0!,,#DIV/0!,,#DIV/0!,,#DIV/0!,,#DIV/0!,,,,,,,,,,,,,,,,,,,,
Whitlam,,,,,,,,,,,,#DIV/0!,,#DIV/0!,,#DIV/0!,,#DIV/0!,,#DIV/0!,,#DIV/0!,,#DIV/0!,,#DIV/0!,,#DIV/0!,,#DIV/0!,,,,,,,#DIV/0!,,#DIV/0!,,#DIV/0!,,#DIV/0!,,#DIV/0!,,#DIV/0!,,#DIV/0!,,#DIV/0!,,#DIV/0!,,#DIV/0!,,,,,,,#DIV/0!,,#DIV/0!,,#DIV/0!,,#DIV/0!,,#DIV/0!,,#DIV/0!,,#DIV/0!,,#DIV/0!,,#DIV/0!,,#DIV/0!,,,,,,,#DIV/0!,,#DIV/0!,,#DIV/0!,,#DIV/0!,,#DIV/0!,,#DIV/0!,,#DIV/0!,,#DIV/0!,,#DIV/0!,,#DIV/0!,,,,,,,#DIV/0!,,#DIV/0!,,#DIV/0!,,#DIV/0!,,#DIV/0!,,#DIV/0!,,#DIV/0!,,#DIV/0!,,#DIV/0!,,#DIV/0!,,,,,,,#DIV/0!,,#DIV/0!,,#DIV/0!,,#DIV/0!,,#DIV/0!,,#DIV/0!,,#DIV/0!,,#DIV/0!,,#DIV/0!,,#DIV/0!,,,,,,,,,,,,,,,,,,,,
Calare,,,,,,,,,,,,#DIV/0!,,#DIV/0!,,#DIV/0!,,#DIV/0!,,#DIV/0!,,#DIV/0!,,#DIV/0!,,#DIV/0!,,#DIV/0!,,#DIV/0!,,,,,,,#DIV/0!,,#DIV/0!,,#DIV/0!,,#DIV/0!,,#DIV/0!,,#DIV/0!,,#DIV/0!,,#DIV/0!,,#DIV/0!,,#DIV/0!,,,,,,,#DIV/0!,,#DIV/0!,,#DIV/0!,,#DIV/0!,,#DIV/0!,,#DIV/0!,,#DIV/0!,,#DIV/0!,,#DIV/0!,,#DIV/0!,,,,,,,#DIV/0!,,#DIV/0!,,#DIV/0!,,#DIV/0!,,#DIV/0!,,#DIV/0!,,#DIV/0!,,#DIV/0!,,#DIV/0!,,#DIV/0!,,,,,,,#DIV/0!,,#DIV/0!,,#DIV/0!,,#DIV/0!,,#DIV/0!,,#DIV/0!,,#DIV/0!,,#DIV/0!,,#DIV/0!,,#DIV/0!,,,,,,,#DIV/0!,,#DIV/0!,,#DIV/0!,,#DIV/0!,,#DIV/0!,,#DIV/0!,,#DIV/0!,,#DIV/0!,,#DIV/0!,,#DIV/0!,,,,,,,,,,,,,,,,,,,,
Eden-Monaro,,,,,,,,,,,,#DIV/0!,,#DIV/0!,,#DIV/0!,,#DIV/0!,,#DIV/0!,,#DIV/0!,,#DIV/0!,,#DIV/0!,,#DIV/0!,,#DIV/0!,,,,,,,#DIV/0!,,#DIV/0!,,#DIV/0!,,#DIV/0!,,#DIV/0!,,#DIV/0!,,#DIV/0!,,#DIV/0!,,#DIV/0!,,#DIV/0!,,,,,,,#DIV/0!,,#DIV/0!,,#DIV/0!,,#DIV/0!,,#DIV/0!,,#DIV/0!,,#DIV/0!,,#DIV/0!,,#DIV/0!,,#DIV/0!,,,,,,,#DIV/0!,,#DIV/0!,,#DIV/0!,,#DIV/0!,,#DIV/0!,,#DIV/0!,,#DIV/0!,,#DIV/0!,,#DIV/0!,,#DIV/0!,,,,,,,#DIV/0!,,#DIV/0!,,#DIV/0!,,#DIV/0!,,#DIV/0!,,#DIV/0!,,#DIV/0!,,#DIV/0!,,#DIV/0!,,#DIV/0!,,,,,,,#DIV/0!,,#DIV/0!,,#DIV/0!,,#DIV/0!,,#DIV/0!,,#DIV/0!,,#DIV/0!,,#DIV/0!,,#DIV/0!,,#DIV/0!,,,,,,,,,,,,,,,,,,,,
Gilmore,,,,,,,,,,,,#DIV/0!,,#DIV/0!,,#DIV/0!,,#DIV/0!,,#DIV/0!,,#DIV/0!,,#DIV/0!,,#DIV/0!,,#DIV/0!,,#DIV/0!,,,,,,,#DIV/0!,,#DIV/0!,,#DIV/0!,,#DIV/0!,,#DIV/0!,,#DIV/0!,,#DIV/0!,,#DIV/0!,,#DIV/0!,,#DIV/0!,,,,,,,#DIV/0!,,#DIV/0!,,#DIV/0!,,#DIV/0!,,#DIV/0!,,#DIV/0!,,#DIV/0!,,#DIV/0!,,#DIV/0!,,#DIV/0!,,,,,,,#DIV/0!,,#DIV/0!,,#DIV/0!,,#DIV/0!,,#DIV/0!,,#DIV/0!,,#DIV/0!,,#DIV/0!,,#DIV/0!,,#DIV/0!,,,,,,,#DIV/0!,,#DIV/0!,,#DIV/0!,,#DIV/0!,,#DIV/0!,,#DIV/0!,,#DIV/0!,,#DIV/0!,,#DIV/0!,,#DIV/0!,,,,,,,#DIV/0!,,#DIV/0!,,#DIV/0!,,#DIV/0!,,#DIV/0!,,#DIV/0!,,#DIV/0!,,#DIV/0!,,#DIV/0!,,#DIV/0!,,,,,,,,,,,,,,,,,,,,
Hunter,,,,,,,,,,,,#DIV/0!,,#DIV/0!,,#DIV/0!,,#DIV/0!,,#DIV/0!,,#DIV/0!,,#DIV/0!,,#DIV/0!,,#DIV/0!,,#DIV/0!,,,,,,,#DIV/0!,,#DIV/0!,,#DIV/0!,,#DIV/0!,,#DIV/0!,,#DIV/0!,,#DIV/0!,,#DIV/0!,,#DIV/0!,,#DIV/0!,,,,,,,#DIV/0!,,#DIV/0!,,#DIV/0!,,#DIV/0!,,#DIV/0!,,#DIV/0!,,#DIV/0!,,#DIV/0!,,#DIV/0!,,#DIV/0!,,,,,,,#DIV/0!,,#DIV/0!,,#DIV/0!,,#DIV/0!,,#DIV/0!,,#DIV/0!,,#DIV/0!,,#DIV/0!,,#DIV/0!,,#DIV/0!,,,,,,,#DIV/0!,,#DIV/0!,,#DIV/0!,,#DIV/0!,,#DIV/0!,,#DIV/0!,,#DIV/0!,,#DIV/0!,,#DIV/0!,,#DIV/0!,,,,,,,#DIV/0!,,#DIV/0!,,#DIV/0!,,#DIV/0!,,#DIV/0!,,#DIV/0!,,#DIV/0!,,#DIV/0!,,#DIV/0!,,#DIV/0!,,,,,,,,,,,,,,,,,,,,
Lyne,,,,,,,,,,,,#DIV/0!,,#DIV/0!,,#DIV/0!,,#DIV/0!,,#DIV/0!,,#DIV/0!,,#DIV/0!,,#DIV/0!,,#DIV/0!,,#DIV/0!,,,,,,,#DIV/0!,,#DIV/0!,,#DIV/0!,,#DIV/0!,,#DIV/0!,,#DIV/0!,,#DIV/0!,,#DIV/0!,,#DIV/0!,,#DIV/0!,,,,,,,#DIV/0!,,#DIV/0!,,#DIV/0!,,#DIV/0!,,#DIV/0!,,#DIV/0!,,#DIV/0!,,#DIV/0!,,#DIV/0!,,#DIV/0!,,,,,,,#DIV/0!,,#DIV/0!,,#DIV/0!,,#DIV/0!,,#DIV/0!,,#DIV/0!,,#DIV/0!,,#DIV/0!,,#DIV/0!,,#DIV/0!,,,,,,,#DIV/0!,,#DIV/0!,,#DIV/0!,,#DIV/0!,,#DIV/0!,,#DIV/0!,,#DIV/0!,,#DIV/0!,,#DIV/0!,,#DIV/0!,,,,,,,#DIV/0!,,#DIV/0!,,#DIV/0!,,#DIV/0!,,#DIV/0!,,#DIV/0!,,#DIV/0!,,#DIV/0!,,#DIV/0!,,#DIV/0!,,,,,,,,,,,,,,,,,,,,
New England,,,,,,,,,,,,#DIV/0!,,#DIV/0!,,#DIV/0!,,#DIV/0!,,#DIV/0!,,#DIV/0!,,#DIV/0!,,#DIV/0!,,#DIV/0!,,#DIV/0!,,,,,,,#DIV/0!,,#DIV/0!,,#DIV/0!,,#DIV/0!,,#DIV/0!,,#DIV/0!,,#DIV/0!,,#DIV/0!,,#DIV/0!,,#DIV/0!,,,,,,,#DIV/0!,,#DIV/0!,,#DIV/0!,,#DIV/0!,,#DIV/0!,,#DIV/0!,,#DIV/0!,,#DIV/0!,,#DIV/0!,,#DIV/0!,,,,,,,#DIV/0!,,#DIV/0!,,#DIV/0!,,#DIV/0!,,#DIV/0!,,#DIV/0!,,#DIV/0!,,#DIV/0!,,#DIV/0!,,#DIV/0!,,,,,,,#DIV/0!,,#DIV/0!,,#DIV/0!,,#DIV/0!,,#DIV/0!,,#DIV/0!,,#DIV/0!,,#DIV/0!,,#DIV/0!,,#DIV/0!,,,,,,,#DIV/0!,,#DIV/0!,,#DIV/0!,,#DIV/0!,,#DIV/0!,,#DIV/0!,,#DIV/0!,,#DIV/0!,,#DIV/0!,,#DIV/0!,,,,,,,,,,,,,,,,,,,,
Page,,,,,,,,,,,,#DIV/0!,,#DIV/0!,,#DIV/0!,,#DIV/0!,,#DIV/0!,,#DIV/0!,,#DIV/0!,,#DIV/0!,,#DIV/0!,,#DIV/0!,,,,,,,#DIV/0!,,#DIV/0!,,#DIV/0!,,#DIV/0!,,#DIV/0!,,#DIV/0!,,#DIV/0!,,#DIV/0!,,#DIV/0!,,#DIV/0!,,,,,,,#DIV/0!,,#DIV/0!,,#DIV/0!,,#DIV/0!,,#DIV/0!,,#DIV/0!,,#DIV/0!,,#DIV/0!,,#DIV/0!,,#DIV/0!,,,,,,,#DIV/0!,,#DIV/0!,,#DIV/0!,,#DIV/0!,,#DIV/0!,,#DIV/0!,,#DIV/0!,,#DIV/0!,,#DIV/0!,,#DIV/0!,,,,,,,#DIV/0!,,#DIV/0!,,#DIV/0!,,#DIV/0!,,#DIV/0!,,#DIV/0!,,#DIV/0!,,#DIV/0!,,#DIV/0!,,#DIV/0!,,,,,,,#DIV/0!,,#DIV/0!,,#DIV/0!,,#DIV/0!,,#DIV/0!,,#DIV/0!,,#DIV/0!,,#DIV/0!,,#DIV/0!,,#DIV/0!,,,,,,,,,,,,,,,,,,,,
Parkes,,,,,,,,,,,,#DIV/0!,,#DIV/0!,,#DIV/0!,,#DIV/0!,,#DIV/0!,,#DIV/0!,,#DIV/0!,,#DIV/0!,,#DIV/0!,,#DIV/0!,,,,,,,#DIV/0!,,#DIV/0!,,#DIV/0!,,#DIV/0!,,#DIV/0!,,#DIV/0!,,#DIV/0!,,#DIV/0!,,#DIV/0!,,#DIV/0!,,,,,,,#DIV/0!,,#DIV/0!,,#DIV/0!,,#DIV/0!,,#DIV/0!,,#DIV/0!,,#DIV/0!,,#DIV/0!,,#DIV/0!,,#DIV/0!,,,,,,,#DIV/0!,,#DIV/0!,,#DIV/0!,,#DIV/0!,,#DIV/0!,,#DIV/0!,,#DIV/0!,,#DIV/0!,,#DIV/0!,,#DIV/0!,,,,,,,#DIV/0!,,#DIV/0!,,#DIV/0!,,#DIV/0!,,#DIV/0!,,#DIV/0!,,#DIV/0!,,#DIV/0!,,#DIV/0!,,#DIV/0!,,,,,,,#DIV/0!,,#DIV/0!,,#DIV/0!,,#DIV/0!,,#DIV/0!,,#DIV/0!,,#DIV/0!,,#DIV/0!,,#DIV/0!,,#DIV/0!,,,,,,,,,,,,,,,,,,,,
Richmond,,,,,,,,,,,,#DIV/0!,,#DIV/0!,,#DIV/0!,,#DIV/0!,,#DIV/0!,,#DIV/0!,,#DIV/0!,,#DIV/0!,,#DIV/0!,,#DIV/0!,,,,,,,#DIV/0!,,#DIV/0!,,#DIV/0!,,#DIV/0!,,#DIV/0!,,#DIV/0!,,#DIV/0!,,#DIV/0!,,#DIV/0!,,#DIV/0!,,,,,,,#DIV/0!,,#DIV/0!,,#DIV/0!,,#DIV/0!,,#DIV/0!,,#DIV/0!,,#DIV/0!,,#DIV/0!,,#DIV/0!,,#DIV/0!,,,,,,,#DIV/0!,,#DIV/0!,,#DIV/0!,,#DIV/0!,,#DIV/0!,,#DIV/0!,,#DIV/0!,,#DIV/0!,,#DIV/0!,,#DIV/0!,,,,,,,#DIV/0!,,#DIV/0!,,#DIV/0!,,#DIV/0!,,#DIV/0!,,#DIV/0!,,#DIV/0!,,#DIV/0!,,#DIV/0!,,#DIV/0!,,,,,,,#DIV/0!,,#DIV/0!,,#DIV/0!,,#DIV/0!,,#DIV/0!,,#DIV/0!,,#DIV/0!,,#DIV/0!,,#DIV/0!,,#DIV/0!,,,,,,,,,,,,,,,,,,,,
Farrer,,,,,,,,,,,,#DIV/0!,,#DIV/0!,,#DIV/0!,,#DIV/0!,,#DIV/0!,,#DIV/0!,,#DIV/0!,,#DIV/0!,,#DIV/0!,,#DIV/0!,,,,,,,#DIV/0!,,#DIV/0!,,#DIV/0!,,#DIV/0!,,#DIV/0!,,#DIV/0!,,#DIV/0!,,#DIV/0!,,#DIV/0!,,#DIV/0!,,,,,,,#DIV/0!,,#DIV/0!,,#DIV/0!,,#DIV/0!,,#DIV/0!,,#DIV/0!,,#DIV/0!,,#DIV/0!,,#DIV/0!,,#DIV/0!,,,,,,,#DIV/0!,,#DIV/0!,,#DIV/0!,,#DIV/0!,,#DIV/0!,,#DIV/0!,,#DIV/0!,,#DIV/0!,,#DIV/0!,,#DIV/0!,,,,,,,#DIV/0!,,#DIV/0!,,#DIV/0!,,#DIV/0!,,#DIV/0!,,#DIV/0!,,#DIV/0!,,#DIV/0!,,#DIV/0!,,#DIV/0!,,,,,,,#DIV/0!,,#DIV/0!,,#DIV/0!,,#DIV/0!,,#DIV/0!,,#DIV/0!,,#DIV/0!,,#DIV/0!,,#DIV/0!,,#DIV/0!,,,,,,,,,,,,,,,,,,,,
Riverina,,,,,,,,,,,,#DIV/0!,,#DIV/0!,,#DIV/0!,,#DIV/0!,,#DIV/0!,,#DIV/0!,,#DIV/0!,,#DIV/0!,,#DIV/0!,,#DIV/0!,,,,,,,#DIV/0!,,#DIV/0!,,#DIV/0!,,#DIV/0!,,#DIV/0!,,#DIV/0!,,#DIV/0!,,#DIV/0!,,#DIV/0!,,#DIV/0!,,,,,,,#DIV/0!,,#DIV/0!,,#DIV/0!,,#DIV/0!,,#DIV/0!,,#DIV/0!,,#DIV/0!,,#DIV/0!,,#DIV/0!,,#DIV/0!,,,,,,,#DIV/0!,,#DIV/0!,,#DIV/0!,,#DIV/0!,,#DIV/0!,,#DIV/0!,,#DIV/0!,,#DIV/0!,,#DIV/0!,,#DIV/0!,,,,,,,#DIV/0!,,#DIV/0!,,#DIV/0!,,#DIV/0!,,#DIV/0!,,#DIV/0!,,#DIV/0!,,#DIV/0!,,#DIV/0!,,#DIV/0!,,,,,,,#DIV/0!,,#DIV/0!,,#DIV/0!,,#DIV/0!,,#DIV/0!,,#DIV/0!,,#DIV/0!,,#DIV/0!,,#DIV/0!,,#DIV/0!,,,,,,,,,,,,,,,,,,,,
Chisholm,ALP,LNP,GRN,ALP,LNP,43653,0.3873621254,,,,,#DIV/0!,,#DIV/0!,,#DIV/0!,,#DIV/0!,,#DIV/0!,,0,,0,,0,,0,,0,41967,0.3724011252,,,,,#DIV/0!,,#DIV/0!,,#DIV/0!,,#DIV/0!,,#DIV/0!,,0,,0,,0,,0,,0,14086,0.124994454,18111.0,0.1607109581,Third,15417.0,0.8512506212,2694.0,0.1487493788,,0,,0,,0,12512.0,0.8882578447,1574.0,0.1117421553,,0,,0,,0,2156,0.01913162308,3743.0,0.03321413043,Fifth,268.0,0.0716003206,2241.0,0.5987176062,264.0,0.0705316591,970.0,0.2591504141,,0,384.0,0.1781076067,1772.0,0.8218923933,,0,,0,,0,6684,0.05931158102,8210.0,0.07285279476,Fourth,2978.0,0.36272838,1899.0,0.2313032887,3333.0,0.4059683313,,0,,0,5103.0,0.763464991,1582.0,0.23668462,,0,,0,,0,4147,0.03679909134,4148.0,0.036807965,Fifth,455.0,0.1096914176,1123.0,0.2707328833,428.0,0.1031822565,1587.0,0.3825940212,555.0,0.1337994214,1119.0,0.2698336147,3029.0,0.7304075235,,0,,0,,0,,,,,,0.1656015305,0.6586599492,0.1757385203,,,0.36272838,0.2313032887,0.4059683313,,,0.2215824204,0.5536804881,0.2247370915,,
Goldstein,LNP,IND,ALP,LNP,IND,15803,0.1366178797,19235.0,,Third,3718.0,0.1932934754,,0,,0,15517.0,0.8067065246,,0,3056.0,0.1933810036,,0,,0,12756.0,0.8071885085,,0,50348,0.4352614698,,,,,#DIV/0!,,#DIV/0!,,#DIV/0!,,#DIV/0!,,#DIV/0!,,0,,0,,0,,0,,0,8314,0.07187502702,8728.0,0.07545408176,Fourth,2647.0,0.3032768103,441.0,0.05052703941,,0,5640.0,0.6461961503,,0,,0,728.0,0.0875631465,,0,7592.0,0.9131585278,,0,2037,0.01760998677,3846.0,0.03324889992,Fifth,269.0,0.06994279771,2667.0,0.6934477379,198.0,0.05148205928,712.0,0.1851274051,,0,,0,1440.0,0.706921944,,0,597.0,0.293078056,,0,35576,0.3075566468,,0,,,#DIV/0!,,#DIV/0!,,#DIV/0!,,#DIV/0!,,#DIV/0!,,0,,0,,0,,0,,0,3595,0.03107898991,3743.0,0.03235845876,Sixth,507.0,0.1354528453,870.0,0.2324338766,210.0,0.05610472883,1809.0,0.483302164,347.0,0.09270638525,,0,2472.0,0.6876216968,,0,,0,1271.0,0.3535465925,0.3032768103,0.05052703941,,0.6461961503,,0.08555611244,0.6960489739,,0.2183949136,,,,,,,0.1938175628,0.5716706578,,,0.2345117794
Hotham,ALP,LNP,GRN,ALP,LNP,51880,0.4884616471,,,,,#DIV/0!,,#DIV/0!,,#DIV/0!,,#DIV/0!,,#DIV/0!,,0,,0,,0,,0,,0,27346,0.2574686238,,,,,#DIV/0!,,#DIV/0!,,#DIV/0!,,#DIV/0!,,#DIV/0!,,0,,0,,0,,0,,0,15780,0.1485721818,19278.0,0.1815066236,Third,16899.0,0.8765950825,2379.0,0.1234049175,,0,,0,,0,,0,,0,,0,,0,,0,4959,0.04669007918,7215.0,0.06793081696,Fourth,1165.0,0.1614691615,4285.0,0.5939015939,1765.0,0.2446292446,,0,,0,,0,,0,,0,,0,,0,,0,,0,,,#DIV/0!,,#DIV/0!,,#DIV/0!,,#DIV/0!,,#DIV/0!,,#DIV/0!,,#DIV/0!,,#DIV/0!,,#DIV/0!,,#DIV/0!,6246,0.05880746815,6246.0,0.05880746815,Fifth,1068.0,0.1709894332,1189.0,0.1903618316,1733.0,0.2774575728,2256.0,0.3611911623,,0,,0,,0,,0,,0,,0,,,,,,0.1614691615,0.5939015939,0.2446292446,,,,,,,,0.2293106674,0.4048738386,0.3658154941,,
Kooyong,IND,LNP,ALP,IND,LNP,13671,0.1190159054,16180.0,,Third,3864.0,0.2388133498,,0,,0,12316.0,0.7611866502,,0,,0,,0,,0,,0,,0,49542,0.4312988064,,,,,#DIV/0!,,#DIV/0!,,#DIV/0!,,#DIV/0!,,#DIV/0!,,0,,0,,0,,0,,0,8900,0.07748091271,9219.0,0.08025803756,Fourth,2189.0,0.2374444083,696.0,0.07549625773,,0,6334.0,0.687059334,,0,,0,,0,,0,,0,,0,1201,0.01045557036,2275.0,0.0198055142,Fifth,156.0,0.06857142857,1650.0,0.7252747253,151.0,0.06637362637,318.0,0.1397802198,,0,,0,,0,,0,,0,,0,38955,0.3391313432,,0,,,#DIV/0!,,#DIV/0!,,#DIV/0!,,#DIV/0!,,#DIV/0!,,0,,0,,0,,0,,0,2599.0,0.02261746193,2599.0,0.02262616765,Sixth,164.0,0.06310119277,916.0,0.3524432474,168.0,0.06464024625,1074.0,0.4132358599,277.0,0.1065794536,,0,,0,,0,,0,,0,0.2374444083,0.07549625773,,0.687059334,,0.08433147501,0.7302856857,,0.1853828393,,,,,,,0.1132984474,0.6591035774,,,0.2275979752
Macnamara,ALP,LNP,GRN,ALP,LNP,36228,0.3610596185,,,,,#DIV/0!,,#DIV/0!,,#DIV/0!,,#DIV/0!,,#DIV/0!,,0,,0,,0,,0,,0,32606,0.3249616297,,,,,#DIV/0!,,#DIV/0!,,#DIV/0!,,#DIV/0!,,#DIV/0!,,0,,0,,0,,0,,0,25561,0.2547489486,26750.0,0.2665988957,Third,24579.0,0.9188411215,2171.0,0.0811588785,,0,,0,,0,,0,,0,,0,,0,,0,2803,0.02793557775,3853.0,0.0384002073,Fourth,594.0,0.1541655853,2739.0,0.7108746431,520.0,0.1349597716,,0,,0,,0,,0,,0,,0,,0,1841,0.01834798381,2128.0,0.02120831589,Fifth,503.0,0.2363721805,511.0,0.2401315789,582.0,0.2734962406,532.0,0.25,,0,,0,,0,,0,,0,,0,1299,0.0129462417,1299.0,0.0129462417,Sixth,100.0,0.07698229407,307.0,0.2363356428,87.0,0.06697459584,518.0,0.3987682833,287.0,0.220939184,,0,,0,,0,,0,,0,,,,,,0.1541655853,0.7108746431,0.1349597716,,,0.2749135768,0.4178502397,0.3072361835,,,0.1991978212,0.6121293949,0.188672784,,
Cooper,ALP,GRN,LNP,ALP,GRN,45149,0.4196549737,,,,,#DIV/0!,,#DIV/0!,,#DIV/0!,,#DIV/0!,,#DIV/0!,,0,,0,,0,,0,,0,16280,0.1513208038,21006.0,,Third,15111.0,0.7193658955,5895.0,0.2806341045,,0,,0,,0,,0,,0,,0,,0,,0,27123,0.2521052925,,0,,,#DIV/0!,,#DIV/0!,,0,,#DIV/0!,,#DIV/0!,,0,,0,,0,,0,,0,5684,0.05283215288,6181.0,0.05745171305,Fifth,1369.0,0.2214851966,3308.0,0.5351884808,444.0,0.07183303673,,0,1060.0,0.1714932859,,0,,0,,0,,0,,0,,0,,0,,,#DIV/0!,,#DIV/0!,,#DIV/0!,,#DIV/0!,,#DIV/0!,,#DIV/0!,,#DIV/0!,,#DIV/0!,,#DIV/0!,,#DIV/0!,13350,0.1240867771,13911.0,0.1293012102,Third,2615.0,0.1879807347,1418.0,0.1019337215,9878.0,0.7100855438,,0,,0,,0,,0,,0,,0,,0,,,,,,0.2537226304,0.5526694297,0.1936079399,,,,,,,,0.1879807347,0.1019337215,0.7100855438,,
Melbourne,ALP,GRN,LNP,ALP,GRN,30541,0.3134081767,,,,,#DIV/0!,,#DIV/0!,,#DIV/0!,,#DIV/0!,,#DIV/0!,,0,,0,,0,,0,,0,19267,0.1977157048,23023.0,,Third,18253.0,0.7928158798,4770.0,0.2071841202,,0,,0,,0,,0,,0,,0,,0,,0,38457,0.3946412446,,0,,,#DIV/0!,,#DIV/0!,,0,,#DIV/0!,,#DIV/0!,,0,,0,,0,,0,,0,2438,0.02501847139,2624.0,0.02692718168,Fifth,545.0,0.2076981707,1024.0,0.3902439024,135.0,0.05144817073,920.0,0.3506097561,,0,,0,,0,,0,,0,,0,4819,0.04945201543,5988.0,0.06144815697,Fourth,1894.0,0.3162992652,2515.0,0.42000668,1463.0,0.2443219773,,0,,0,,0,,0,,0,,0,,0,1926,0.01976438716,2042.0,0.02095476562,Sixth,430.0,0.2105778648,217.0,0.1062683643,960.0,0.4701273262,87.0,0.04260528893,348.0,0.1704211557,,0,,0,,0,,0,,0,,,,,,0.3300235186,0.5330620581,0.1369144233,,,0.3162992652,0.42000668,0.2443219773,,,0.2794826114,0.2013515677,0.5191658208,,
Wills,,,,,,39069,0.3558812545,,,,,#DIV/0!,,#DIV/0!,,#DIV/0!,,#DIV/0!,,#DIV/0!,,0,,0,,0,,0,,0,14121,0.1286288156,18169.0,,Third,13795.0,0.7592602785,4374.0,0.2407397215,,0,,0,,0,,0,,0,,0,,0,,0,38834,0.3537406291,,0,,,#DIV/0!,,#DIV/0!,,0,,#DIV/0!,,#DIV/0!,,0,,0,,0,,0,,0,3842,0.03499694847,4740.0,0.04317687031,Fifth,718.0,0.1514767932,2812.0,0.5932489451,474.0,0.1,,0,736.0,0.1552742616,,0,,0,,0,,0,,0,,0,,0,,,#DIV/0!,,#DIV/0!,,#DIV/0!,,#DIV/0!,,#DIV/0!,,#DIV/0!,,#DIV/0!,,#DIV/0!,,#DIV/0!,,#DIV/0!,13915,0.1267523524,13753.0,0.1252766872,Fourth,2877.0,0.209190722,1236.0,0.08987130081,9640.0,0.7009379772,,0,,0,,0,,0,,0,,0,,0,,,,,,0.1839587281,0.607203645,0.2088376268,,,,,,,,0.209190722,0.08987130081,0.7009379772,,
Fraser,,,,,,45786,0.4260470656,,,,,#DIV/0!,,#DIV/0!,,#DIV/0!,,#DIV/0!,,#DIV/0!,,0,,0,,0,,0,,0,18125,0.1686564248,,,,,#DIV/0!,,#DIV/0!,,#DIV/0!,,#DIV/0!,,#DIV/0!,,0,,0,,0,,0,,0,27171,0.2528311016,,0,,,#DIV/0!,,#DIV/0!,,0,,#DIV/0!,,#DIV/0!,,0,,0,,0,,0,,0,5135,0.04778210986,,0,,,#DIV/0!,,#DIV/0!,,#DIV/0!,,#DIV/0!,,#DIV/0!,,0,,0,,0,,0,,0,,0,,0,,,#DIV/0!,,#DIV/0!,,#DIV/0!,,#DIV/0!,,#DIV/0!,,#DIV/0!,,#DIV/0!,,#DIV/0!,,#DIV/0!,,#DIV/0!,11250,0.1046832981,,0,,,#DIV/0!,,#DIV/0!,,#DIV/0!,,#DIV/0!,,#DIV/0!,,0,,0,,0,,0,,0,,,,,,,,,,,,,,,,,,,,
Gellibrand,,,,,,49044,0.4661888557,,,,,#DIV/0!,,#DIV/0!,,#DIV/0!,,#DIV/0!,,#DIV/0!,,0,,0,,0,,0,,0,27539,0.2617725899,,,,,#DIV/0!,,#DIV/0!,,#DIV/0!,,#DIV/0!,,#DIV/0!,,0,,0,,0,,0,,0,17933,0.1704625387,,0,,,#DIV/0!,,#DIV/0!,,0,,#DIV/0!,,#DIV/0!,,0,,0,,0,,0,,0,6290,0.05978973784,,0,,,#DIV/0!,,#DIV/0!,,#DIV/0!,,#DIV/0!,,#DIV/0!,,0,,0,,0,,0,,0,,0,,0,,,#DIV/0!,,#DIV/0!,,#DIV/0!,,#DIV/0!,,#DIV/0!,,#DIV/0!,,#DIV/0!,,#DIV/0!,,#DIV/0!,,#DIV/0!,4396,0.04178627783,,0,,,#DIV/0!,,#DIV/0!,,#DIV/0!,,#DIV/0!,,#DIV/0!,,0,,0,,0,,0,,0,,,,,,,,,,,,,,,,,,,,
Maribyrnong,,,,,,46064,0.4142557803,,,,,#DIV/0!,,#DIV/0!,,#DIV/0!,,#DIV/0!,,#DIV/0!,,0,,0,,0,,0,,0,33874,0.3046305206,,,,,#DIV/0!,,#DIV/0!,,#DIV/0!,,#DIV/0!,,#DIV/0!,,0,,0,,0,,0,,0,23594,0.2121819833,,0,,,#DIV/0!,,#DIV/0!,,0,,#DIV/0!,,#DIV/0!,,0,,0,,0,,0,,0,7665,0.06893171578,,0,,,#DIV/0!,,#DIV/0!,,#DIV/0!,,#DIV/0!,,#DIV/0!,,0,,0,,0,,0,,0,,0,,0,,,#DIV/0!,,#DIV/0!,,#DIV/0!,,#DIV/0!,,#DIV/0!,,#DIV/0!,,#DIV/0!,,#DIV/0!,,#DIV/0!,,#DIV/0!,0,0,,0,,,#DIV/0!,,#DIV/0!,,#DIV/0!,,#DIV/0!,,#DIV/0!,,#DIV/0!,,#DIV/0!,,#DIV/0!,,#DIV/0!,,#DIV/0!,,,,,,,,,,,,,,,,,,,,
Aston,,,,,,40926,0.3725659769,,,,,#DIV/0!,,#DIV/0!,,#DIV/0!,,#DIV/0!,,#DIV/0!,,0,,0,,0,,0,,0,41382,0.3767171299,,,,,#DIV/0!,,#DIV/0!,,#DIV/0!,,#DIV/0!,,#DIV/0!,,0,,0,,0,,0,,0,12669,0.1153310453,,0,,,#DIV/0!,,#DIV/0!,,0,,#DIV/0!,,#DIV/0!,,0,,0,,0,,0,,0,3738,0.03402853007,,0,,,#DIV/0!,,#DIV/0!,,#DIV/0!,,#DIV/0!,,#DIV/0!,,0,,0,,0,,0,,0,4543,0.04135677157,,0,,,#DIV/0!,,#DIV/0!,,#DIV/0!,,#DIV/0!,,#DIV/0!,,0,,0,,0,,0,,0,6591,0.0600005462,,0,,,#DIV/0!,,#DIV/0!,,#DIV/0!,,#DIV/0!,,#DIV/0!,,0,,0,,0,,0,,0,,,,,,,,,,,,,,,,,,,,
Deakin,,,,,,40177,0.3478317331,,,,,#DIV/0!,,#DIV/0!,,#DIV/0!,,#DIV/0!,,#DIV/0!,,0,,0,,0,,0,,0,44732,0.3872665726,,,,,#DIV/0!,,#DIV/0!,,#DIV/0!,,#DIV/0!,,#DIV/0!,,0,,0,,0,,0,,0,13758,0.1191096643,,0,,,#DIV/0!,,#DIV/0!,,0,,#DIV/0!,,#DIV/0!,,0,,0,,0,,0,,0,3043,0.0263447237,,0,,,#DIV/0!,,#DIV/0!,,#DIV/0!,,#DIV/0!,,#DIV/0!,,0,,0,,0,,0,,0,8259,0.07150216004,,0,,,#DIV/0!,,#DIV/0!,,#DIV/0!,,#DIV/0!,,#DIV/0!,,0,,0,,0,,0,,0,5538,0.04794514618,,0,,,#DIV/0!,,#DIV/0!,,#DIV/0!,,#DIV/0!,,#DIV/0!,,0,,0,,0,,0,,0,,,,,,,,,,,,,,,,,,,,
Menzies,,,,,,38012,0.3473636114,,,,,#DIV/0!,,#DIV/0!,,#DIV/0!,,#DIV/0!,,#DIV/0!,,0,,0,,0,,0,,0,44473,0.4064059216,,,,,#DIV/0!,,#DIV/0!,,#DIV/0!,,#DIV/0!,,#DIV/0!,,0,,0,,0,,0,,0,11998,0.1096408663,,0,,,#DIV/0!,,#DIV/0!,,0,,#DIV/0!,,#DIV/0!,,0,,0,,0,,0,,0,2152,0.01966553961,,0,,,#DIV/0!,,#DIV/0!,,#DIV/0!,,#DIV/0!,,#DIV/0!,,0,,0,,0,,0,,0,6967,0.06366627068,,0,,,#DIV/0!,,#DIV/0!,,#DIV/0!,,#DIV/0!,,#DIV/0!,,0,,0,,0,,0,,0,5828,0.05325779037,,0,,,#DIV/0!,,#DIV/0!,,#DIV/0!,,#DIV/0!,,#DIV/0!,,0,,0,,0,,0,,0,,,,,,,,,,,,,,,,,,,,
Calwell,,,,,,27417,0.3052030457,,,,,#DIV/0!,,#DIV/0!,,#DIV/0!,,#DIV/0!,,#DIV/0!,,0,,0,,0,,0,,0,14110,0.1570709769,,,,,#DIV/0!,,#DIV/0!,,#DIV/0!,,#DIV/0!,,#DIV/0!,,0,,0,,0,,0,,0,7440,0.08282126636,,0,,,#DIV/0!,,#DIV/0!,,0,,#DIV/0!,,#DIV/0!,,0,,0,,0,,0,,0,3376,0.0375812628,,0,,,#DIV/0!,,#DIV/0!,,#DIV/0!,,#DIV/0!,,#DIV/0!,,0,,0,,0,,0,,0,27506,0.306193784,,0,,,#DIV/0!,,#DIV/0!,,#DIV/0!,,#DIV/0!,,#DIV/0!,,0,,0,,0,,0,,0,9983,0.1111296643,,0,,,#DIV/0!,,#DIV/0!,,#DIV/0!,,#DIV/0!,,#DIV/0!,,0,,0,,0,,0,,0,,,,,,,,,,,,,,,,,,,,
Jagajaga,,,,,,47284,0.4256023907,,,,,#DIV/0!,,#DIV/0!,,#DIV/0!,,#DIV/0!,,#DIV/0!,,0,,0,,0,,0,,0,32724,0.2945481057,,,,,#DIV/0!,,#DIV/0!,,#DIV/0!,,#DIV/0!,,#DIV/0!,,0,,0,,0,,0,,0,17334,0.1560230065,,0,,,#DIV/0!,,#DIV/0!,,0,,#DIV/0!,,#DIV/0!,,0,,0,,0,,0,,0,4297,0.03867721582,,0,,,#DIV/0!,,#DIV/0!,,#DIV/0!,,#DIV/0!,,#DIV/0!,,0,,0,,0,,0,,0,6685,0.0601715587,,0,,,#DIV/0!,,#DIV/0!,,#DIV/0!,,#DIV/0!,,#DIV/0!,,0,,0,,0,,0,,0,2775,0.02497772257,,0,,,#DIV/0!,,#DIV/0!,,#DIV/0!,,#DIV/0!,,#DIV/0!,,0,,0,,0,,0,,0,,,,,,,,,,,,,,,,,,,,
Scullin,,,,,,43348,0.4489926977,,,,,#DIV/0!,,#DIV/0!,,#DIV/0!,,#DIV/0!,,#DIV/0!,,0,,0,,0,,0,,0,19807,0.2051582164,,,,,#DIV/0!,,#DIV/0!,,#DIV/0!,,#DIV/0!,,#DIV/0!,,0,,0,,0,,0,,0,9090,0.09415298565,,0,,,#DIV/0!,,#DIV/0!,,0,,#DIV/0!,,#DIV/0!,,0,,0,,0,,0,,0,6401,0.0663006888,,0,,,#DIV/0!,,#DIV/0!,,#DIV/0!,,#DIV/0!,,#DIV/0!,,0,,0,,0,,0,,0,,0,,0,,,#DIV/0!,,#DIV/0!,,#DIV/0!,,#DIV/0!,,#DIV/0!,,#DIV/0!,,#DIV/0!,,#DIV/0!,,#DIV/0!,,#DIV/0!,17899,0.1853954115,,0,,,#DIV/0!,,#DIV/0!,,#DIV/0!,,#DIV/0!,,#DIV/0!,,0,,0,,0,,0,,0,,,,,,,,,,,,,,,,,,,,
Bruce,,,,,,49610,0.4530841873,,,,,#DIV/0!,,#DIV/0!,,#DIV/0!,,#DIV/0!,,#DIV/0!,,0,,0,,0,,0,,0,25162,0.2298025463,,,,,#DIV/0!,,#DIV/0!,,#DIV/0!,,#DIV/0!,,#DIV/0!,,0,,0,,0,,0,,0,13213,0.1206732789,,0,,,#DIV/0!,,#DIV/0!,,0,,#DIV/0!,,#DIV/0!,,0,,0,,0,,0,,0,8931,0.08156611321,,0,,,#DIV/0!,,#DIV/0!,,#DIV/0!,,#DIV/0!,,#DIV/0!,,0,,0,,0,,0,,0,,0,,0,,,#DIV/0!,,#DIV/0!,,#DIV/0!,,#DIV/0!,,#DIV/0!,,#DIV/0!,,#DIV/0!,,#DIV/0!,,#DIV/0!,,#DIV/0!,12578,0.1148738744,,0,,,#DIV/0!,,#DIV/0!,,#DIV/0!,,#DIV/0!,,#DIV/0!,,0,,0,,0,,0,,0,,,,,,,,,,,,,,,,,,,,
Dunkley,,,,,,41792,0.3828122853,,,,,#DIV/0!,,#DIV/0!,,#DIV/0!,,#DIV/0!,,#DIV/0!,,0,,0,,0,,0,,0,35285,0.3232085444,,,,,#DIV/0!,,#DIV/0!,,#DIV/0!,,#DIV/0!,,#DIV/0!,,0,,0,,0,,0,,0,12649,0.1158641031,,0,,,#DIV/0!,,#DIV/0!,,0,,#DIV/0!,,#DIV/0!,,0,,0,,0,,0,,0,7494,0.06864460342,,0,,,#DIV/0!,,#DIV/0!,,#DIV/0!,,#DIV/0!,,#DIV/0!,,0,,0,,0,,0,,0,3231,0.02959577177,,0,,,#DIV/0!,,#DIV/0!,,#DIV/0!,,#DIV/0!,,#DIV/0!,,0,,0,,0,,0,,0,8720,0.079874692,,0,,,#DIV/0!,,#DIV/0!,,#DIV/0!,,#DIV/0!,,#DIV/0!,,0,,0,,0,,0,,0,,,,,,,,,,,,,,,,,,,,
Holt,,,,,,44686,0.4503093698,,,,,#DIV/0!,,#DIV/0!,,#DIV/0!,,#DIV/0!,,#DIV/0!,,0,,0,,0,,0,,0,24840,0.2503174315,,,,,#DIV/0!,,#DIV/0!,,#DIV/0!,,#DIV/0!,,#DIV/0!,,0,,0,,0,,0,,0,11122,0.1120785215,,0,,,#DIV/0!,,#DIV/0!,,0,,#DIV/0!,,#DIV/0!,,0,,0,,0,,0,,0,8655,0.08721809057,,0,,,#DIV/0!,,#DIV/0!,,#DIV/0!,,#DIV/0!,,#DIV/0!,,0,,0,,0,,0,,0,,0,,0,,,#DIV/0!,,#DIV/0!,,#DIV/0!,,#DIV/0!,,#DIV/0!,,#DIV/0!,,#DIV/0!,,#DIV/0!,,#DIV/0!,,#DIV/0!,9931,0.1000765867,,0,,,#DIV/0!,,#DIV/0!,,#DIV/0!,,#DIV/0!,,#DIV/0!,,0,,0,,0,,0,,0,,,,,,,,,,,,,,,,,,,,
Isaacs,,,,,,53454,0.4941163421,,,,,#DIV/0!,,#DIV/0!,,#DIV/0!,,#DIV/0!,,#DIV/0!,,0,,0,,0,,0,,0,30660,0.2834139082,,,,,#DIV/0!,,#DIV/0!,,#DIV/0!,,#DIV/0!,,#DIV/0!,,0,,0,,0,,0,,0,15200,0.1405052643,,0,,,#DIV/0!,,#DIV/0!,,0,,#DIV/0!,,#DIV/0!,,0,,0,,0,,0,,0,4989,0.04611715551,,0,,,#DIV/0!,,#DIV/0!,,#DIV/0!,,#DIV/0!,,#DIV/0!,,0,,0,,0,,0,,0,,0,,0,,,#DIV/0!,,#DIV/0!,,#DIV/0!,,#DIV/0!,,#DIV/0!,,#DIV/0!,,#DIV/0!,,#DIV/0!,,#DIV/0!,,#DIV/0!,3878,0.03584732994,,0,,,#DIV/0!,,#DIV/0!,,#DIV/0!,,#DIV/0!,,#DIV/0!,,0,,0,,0,,0,,0,,,,,,,,,,,,,,,,,,,,
Gorton,,,,,,48834,0.4305210262,,,,,#DIV/0!,,#DIV/0!,,#DIV/0!,,#DIV/0!,,#DIV/0!,,0,,0,,0,,0,,0,33087,0.2916953187,,,,,#DIV/0!,,#DIV/0!,,#DIV/0!,,#DIV/0!,,#DIV/0!,,0,,0,,0,,0,,0,12244,0.1079432249,,0,,,#DIV/0!,,#DIV/0!,,0,,#DIV/0!,,#DIV/0!,,0,,0,,0,,0,,0,7137,0.06291986247,,0,,,#DIV/0!,,#DIV/0!,,#DIV/0!,,#DIV/0!,,#DIV/0!,,0,,0,,0,,0,,0,,0,,0,,,#DIV/0!,,#DIV/0!,,#DIV/0!,,#DIV/0!,,#DIV/0!,,#DIV/0!,,#DIV/0!,,#DIV/0!,,#DIV/0!,,#DIV/0!,12128,0.1069205678,,0,,,#DIV/0!,,#DIV/0!,,#DIV/0!,,#DIV/0!,,#DIV/0!,,0,,0,,0,,0,,0,,,,,,,,,,,,,,,,,,,,
Lalor,,,,,,42384,0.4268965795,,,,,#DIV/0!,,#DIV/0!,,#DIV/0!,,#DIV/0!,,#DIV/0!,,0,,0,,0,,0,,0,25869,0.2605555779,,,,,#DIV/0!,,#DIV/0!,,#DIV/0!,,#DIV/0!,,#DIV/0!,,0,,0,,0,,0,,0,15181,0.1529047984,,0,,,#DIV/0!,,#DIV/0!,,0,,#DIV/0!,,#DIV/0!,,0,,0,,0,,0,,0,6986,0.07036380484,,0,,,#DIV/0!,,#DIV/0!,,#DIV/0!,,#DIV/0!,,#DIV/0!,,0,,0,,0,,0,,0,2101,0.02116151646,,0,,,#DIV/0!,,#DIV/0!,,#DIV/0!,,#DIV/0!,,#DIV/0!,,0,,0,,0,,0,,0,6763,0.0681177229,,0,,,#DIV/0!,,#DIV/0!,,#DIV/0!,,#DIV/0!,,#DIV/0!,,0,,0,,0,,0,,0,,,,,,,,,,,,,,,,,,,,
La Trobe,,,,,,33289,0.3212665753,,,,,#DIV/0!,,#DIV/0!,,#DIV/0!,,#DIV/0!,,#DIV/0!,,0,,0,,0,,0,,0,40547,0.3913123203,,,,,#DIV/0!,,#DIV/0!,,#DIV/0!,,#DIV/0!,,#DIV/0!,,0,,0,,0,,0,,0,13386,0.1291860488,,0,,,#DIV/0!,,#DIV/0!,,0,,#DIV/0!,,#DIV/0!,,0,,0,,0,,0,,0,7956,0.07678202629,,0,,,#DIV/0!,,#DIV/0!,,#DIV/0!,,#DIV/0!,,#DIV/0!,,0,,0,,0,,0,,0,,0,,0,,,#DIV/0!,,#DIV/0!,,#DIV/0!,,#DIV/0!,,#DIV/0!,,#DIV/0!,,#DIV/0!,,#DIV/0!,,#DIV/0!,,#DIV/0!,8440,0.0814530294,,0,,,#DIV/0!,,#DIV/0!,,#DIV/0!,,#DIV/0!,,#DIV/0!,,0,,0,,0,,0,,0,,,,,,,,,,,,,,,,,,,,
Ballarat,,,,,,44273,0.4235029654,,,,,#DIV/0!,,#DIV/0!,,#DIV/0!,,#DIV/0!,,#DIV/0!,,0,,0,,0,,0,,0,29883,0.2858523053,,,,,#DIV/0!,,#DIV/0!,,#DIV/0!,,#DIV/0!,,#DIV/0!,,0,,0,,0,,0,,0,14984,0.1433326956,,0,,,#DIV/0!,,#DIV/0!,,0,,#DIV/0!,,#DIV/0!,,0,,0,,0,,0,,0,8029,0.07680313756,,0,,,#DIV/0!,,#DIV/0!,,#DIV/0!,,#DIV/0!,,#DIV/0!,,0,,0,,0,,0,,0,2934,0.02806581213,,0,,,#DIV/0!,,#DIV/0!,,#DIV/0!,,#DIV/0!,,#DIV/0!,,0,,0,,0,,0,,0,4437,0.04244308399,,0,,,#DIV/0!,,#DIV/0!,,#DIV/0!,,#DIV/0!,,#DIV/0!,,0,,0,,0,,0,,0,,,,,,,,,,,,,,,,,,,,
Bendigo,,,,,,35771,0.3355093465,,,,,#DIV/0!,,#DIV/0!,,#DIV/0!,,#DIV/0!,,#DIV/0!,,0,,0,,0,,0,,0,42883,0.4022154065,,,,,#DIV/0!,,#DIV/0!,,#DIV/0!,,#DIV/0!,,#DIV/0!,,0,,0,,0,,0,,0,12079,0.1132933772,,0,,,#DIV/0!,,#DIV/0!,,0,,#DIV/0!,,#DIV/0!,,0,,0,,0,,0,,0,5262,0.04935423056,,0,,,#DIV/0!,,#DIV/0!,,#DIV/0!,,#DIV/0!,,#DIV/0!,,0,,0,,0,,0,,0,1121,0.01051427071,,0,,,#DIV/0!,,#DIV/0!,,#DIV/0!,,#DIV/0!,,#DIV/0!,,0,,0,,0,,0,,0,9501,0.08911336841,,0,,,#DIV/0!,,#DIV/0!,,#DIV/0!,,#DIV/0!,,#DIV/0!,,0,,0,,0,,0,,0,,,,,,,,,,,,,,,,,,,,
Corangamite,,,,,,38814,0.3731397808,,,,,#DIV/0!,,#DIV/0!,,#DIV/0!,,#DIV/0!,,#DIV/0!,,0,,0,,0,,0,,0,35488,0.3411651605,,,,,#DIV/0!,,#DIV/0!,,#DIV/0!,,#DIV/0!,,#DIV/0!,,0,,0,,0,,0,,0,14925,0.1434820227,,0,,,#DIV/0!,,#DIV/0!,,0,,#DIV/0!,,#DIV/0!,,0,,0,,0,,0,,0,3343,0.03213805037,,0,,,#DIV/0!,,#DIV/0!,,#DIV/0!,,#DIV/0!,,#DIV/0!,,0,,0,,0,,0,,0,4565,0.04388579119,,0,,,#DIV/0!,,#DIV/0!,,#DIV/0!,,#DIV/0!,,#DIV/0!,,0,,0,,0,,0,,0,6885,0.06618919439,,0,,,#DIV/0!,,#DIV/0!,,#DIV/0!,,#DIV/0!,,#DIV/0!,,0,,0,,0,,0,,0,,,,,,,,,,,,,,,,,,,,
Corio,,,,,,47221,0.428397761,,,,,#DIV/0!,,#DIV/0!,,#DIV/0!,,#DIV/0!,,#DIV/0!,,0,,0,,0,,0,,0,27423,0.2487865949,,,,,#DIV/0!,,#DIV/0!,,#DIV/0!,,#DIV/0!,,#DIV/0!,,0,,0,,0,,0,,0,17491,0.1586816297,,0,,,#DIV/0!,,#DIV/0!,,0,,#DIV/0!,,#DIV/0!,,0,,0,,0,,0,,0,10953,0.09936766854,,0,,,#DIV/0!,,#DIV/0!,,#DIV/0!,,#DIV/0!,,#DIV/0!,,0,,0,,0,,0,,0,3209,0.02911264935,,0,,,#DIV/0!,,#DIV/0!,,#DIV/0!,,#DIV/0!,,#DIV/0!,,0,,0,,0,,0,,0,3930,0.03565369646,,0,,,#DIV/0!,,#DIV/0!,,#DIV/0!,,#DIV/0!,,#DIV/0!,,0,,0,,0,,0,,0,,,,,,,,,,,,,,,,,,,,
Hawke,,,,,,40619,0.3912557674,,,,,#DIV/0!,,#DIV/0!,,#DIV/0!,,#DIV/0!,,#DIV/0!,,0,,0,,0,,0,,0,31381,0.3022722675,,,,,#DIV/0!,,#DIV/0!,,#DIV/0!,,#DIV/0!,,#DIV/0!,,0,,0,,0,,0,,0,10178,0.0980378936,,0,,,#DIV/0!,,#DIV/0!,,0,,#DIV/0!,,#DIV/0!,,0,,0,,0,,0,,0,10035,0.09666046987,,0,,,#DIV/0!,,#DIV/0!,,#DIV/0!,,#DIV/0!,,#DIV/0!,,0,,0,,0,,0,,0,,0,,0,,,#DIV/0!,,#DIV/0!,,#DIV/0!,,#DIV/0!,,#DIV/0!,,#DIV/0!,,#DIV/0!,,#DIV/0!,,#DIV/0!,,#DIV/0!,11604,0.1117736016,,0,,,#DIV/0!,,#DIV/0!,,#DIV/0!,,#DIV/0!,,#DIV/0!,,0,,0,,0,,0,,0,,,,,,,,,,,,,,,,,,,,
Casey,,,,,,26822,0.242555231,,,,,#DIV/0!,,#DIV/0!,,#DIV/0!,,#DIV/0!,,#DIV/0!,,0,,0,,0,,0,,0,45195,0.4087049312,,,,,#DIV/0!,,#DIV/0!,,#DIV/0!,,#DIV/0!,,#DIV/0!,,0,,0,,0,,0,,0,12100,0.1094220526,,0,,,#DIV/0!,,#DIV/0!,,0,,#DIV/0!,,#DIV/0!,,0,,0,,0,,0,,0,5603,0.05066874056,,0,,,#DIV/0!,,#DIV/0!,,#DIV/0!,,#DIV/0!,,#DIV/0!,,0,,0,,0,,0,,0,11620,0.1050813431,,0,,,#DIV/0!,,#DIV/0!,,#DIV/0!,,#DIV/0!,,#DIV/0!,,0,,0,,0,,0,,0,9241,0.0835677015,,0,,,#DIV/0!,,#DIV/0!,,#DIV/0!,,#DIV/0!,,#DIV/0!,,0,,0,,0,,0,,0,,,,,,,,,,,,,,,,,,,,
Flinders,,,,,,25622,0.2229492791,,,,,#DIV/0!,,#DIV/0!,,#DIV/0!,,#DIV/0!,,#DIV/0!,,0,,0,,0,,0,,0,47375,0.4122325383,,,,,#DIV/0!,,#DIV/0!,,#DIV/0!,,#DIV/0!,,#DIV/0!,,0,,0,,0,,0,,0,7305,0.06356429957,,0,,,#DIV/0!,,#DIV/0!,,0,,#DIV/0!,,#DIV/0!,,0,,0,,0,,0,,0,6091,0.05300070482,,0,,,#DIV/0!,,#DIV/0!,,#DIV/0!,,#DIV/0!,,#DIV/0!,,0,,0,,0,,0,,0,25386,0.2208957302,,0,,,#DIV/0!,,#DIV/0!,,#DIV/0!,,#DIV/0!,,#DIV/0!,,0,,0,,0,,0,,0,3144,0.02735744803,,0,,,#DIV/0!,,#DIV/0!,,#DIV/0!,,#DIV/0!,,#DIV/0!,,0,,0,,0,,0,,0,,,,,,,,,,,,,,,,,,,,
Gippsland,,,,,,22291,0.2127856584,,,,,#DIV/0!,,#DIV/0!,,#DIV/0!,,#DIV/0!,,#DIV/0!,,0,,0,,0,,0,,0,55036,0.5253632181,,,,,#DIV/0!,,#DIV/0!,,#DIV/0!,,#DIV/0!,,#DIV/0!,,0,,0,,0,,0,,0,8897,0.08492907463,,0,,,#DIV/0!,,#DIV/0!,,0,,#DIV/0!,,#DIV/0!,,0,,0,,0,,0,,0,15118,0.1443135608,,0,,,#DIV/0!,,#DIV/0!,,#DIV/0!,,#DIV/0!,,#DIV/0!,,0,,0,,0,,0,,0,,0,,0,,,#DIV/0!,,#DIV/0!,,#DIV/0!,,#DIV/0!,,#DIV/0!,,#DIV/0!,,#DIV/0!,,#DIV/0!,,#DIV/0!,,#DIV/0!,3416,0.03260848813,,0,,,#DIV/0!,,#DIV/0!,,#DIV/0!,,#DIV/0!,,#DIV/0!,,0,,0,,0,,0,,0,,,,,,,,,,,,,,,,,,,,
Monash,,,,,,20808,0.2029672549,,,,,#DIV/0!,,#DIV/0!,,#DIV/0!,,#DIV/0!,,#DIV/0!,,0,,0,,0,,0,,0,32580,0.3177947502,,,,,#DIV/0!,,#DIV/0!,,#DIV/0!,,#DIV/0!,,#DIV/0!,,0,,0,,0,,0,,0,5056,0.04931768745,,0,,,#DIV/0!,,#DIV/0!,,0,,#DIV/0!,,#DIV/0!,,0,,0,,0,,0,,0,8166,0.07965352764,,0,,,#DIV/0!,,#DIV/0!,,#DIV/0!,,#DIV/0!,,#DIV/0!,,0,,0,,0,,0,,0,27977,0.2728957559,,0,,,#DIV/0!,,#DIV/0!,,#DIV/0!,,#DIV/0!,,#DIV/0!,,0,,0,,0,,0,,0,7932,0.07737102391,,0,,,#DIV/0!,,#DIV/0!,,#DIV/0!,,#DIV/0!,,#DIV/0!,,0,,0,,0,,0,,0,,,,,,,,,,,,,,,,,,,,
Indi,,,,,,8824,0.08342235878,,,,,#DIV/0!,,#DIV/0!,,#DIV/0!,,#DIV/0!,,#DIV/0!,,0,,0,,0,,0,,0,32478,0.3070479792,,,,,#DIV/0!,,#DIV/0!,,#DIV/0!,,#DIV/0!,,#DIV/0!,,0,,0,,0,,0,,0,3838,0.0362845663,,0,,,#DIV/0!,,#DIV/0!,,0,,#DIV/0!,,#DIV/0!,,0,,0,,0,,0,,0,7622,0.07205861498,,0,,,#DIV/0!,,#DIV/0!,,#DIV/0!,,#DIV/0!,,#DIV/0!,,0,,0,,0,,0,,0,46243,0.4371826991,,0,,,#DIV/0!,,#DIV/0!,,#DIV/0!,,#DIV/0!,,#DIV/0!,,0,,0,,0,,0,,0,6770,0.06400378161,,0,,,#DIV/0!,,#DIV/0!,,#DIV/0!,,#DIV/0!,,#DIV/0!,,0,,0,,0,,0,,0,,,,,,,,,,,,,,,,,,,,
McEwen,,,,,,39078,0.3735267972,,,,,#DIV/0!,,#DIV/0!,,#DIV/0!,,#DIV/0!,,#DIV/0!,,0,,0,,0,,0,,0,34024,0.3252181726,,,,,#DIV/0!,,#DIV/0!,,#DIV/0!,,#DIV/0!,,#DIV/0!,,0,,0,,0,,0,,0,11614,0.11101234,,0,,,#DIV/0!,,#DIV/0!,,0,,#DIV/0!,,#DIV/0!,,0,,0,,0,,0,,0,6869,0.06565728978,,0,,,#DIV/0!,,#DIV/0!,,#DIV/0!,,#DIV/0!,,#DIV/0!,,0,,0,,0,,0,,0,,0,,0,,,#DIV/0!,,#DIV/0!,,#DIV/0!,,#DIV/0!,,#DIV/0!,,#DIV/0!,,#DIV/0!,,#DIV/0!,,#DIV/0!,,#DIV/0!,13034,0.1245854004,,0,,,#DIV/0!,,#DIV/0!,,#DIV/0!,,#DIV/0!,,#DIV/0!,,0,,0,,0,,0,,0,,,,,,,,,,,,,,,,,,,,
Nicholls,,,,,,25560,0.2423782656,,,,,#DIV/0!,,#DIV/0!,,#DIV/0!,,#DIV/0!,,#DIV/0!,,0,,0,,0,,0,,0,48764,0.4624152482,,,,,#DIV/0!,,#DIV/0!,,#DIV/0!,,#DIV/0!,,#DIV/0!,,0,,0,,0,,0,,0,8236,0.07809966336,,0,,,#DIV/0!,,#DIV/0!,,0,,#DIV/0!,,#DIV/0!,,0,,0,,0,,0,,0,12096,0.1147029539,,0,,,#DIV/0!,,#DIV/0!,,#DIV/0!,,#DIV/0!,,#DIV/0!,,0,,0,,0,,0,,0,,0,,0,,,#DIV/0!,,#DIV/0!,,#DIV/0!,,#DIV/0!,,#DIV/0!,,#DIV/0!,,#DIV/0!,,#DIV/0!,,#DIV/0!,,#DIV/0!,10799,0.1024038689,,0,,,#DIV/0!,,#DIV/0!,,#DIV/0!,,#DIV/0!,,#DIV/0!,,0,,0,,0,,0,,0,,,,,,,,,,,,,,,,,,,,
Mallee,,,,,,19822,0.1781096405,,,,,#DIV/0!,,#DIV/0!,,#DIV/0!,,#DIV/0!,,#DIV/0!,,0,,0,,0,,0,,0,51541,0.46311921,,,,,#DIV/0!,,#DIV/0!,,#DIV/0!,,#DIV/0!,,#DIV/0!,,0,,0,,0,,0,,0,9470,0.08509223567,,0,,,#DIV/0!,,#DIV/0!,,0,,#DIV/0!,,#DIV/0!,,0,,0,,0,,0,,0,11409,0.1025150282,,0,,,#DIV/0!,,#DIV/0!,,#DIV/0!,,#DIV/0!,,#DIV/0!,,0,,0,,0,,0,,0,,0,,0,,,#DIV/0!,,#DIV/0!,,#DIV/0!,,#DIV/0!,,#DIV/0!,,#DIV/0!,,#DIV/0!,,#DIV/0!,,#DIV/0!,,#DIV/0!,19049,0.1711638857,,0,,,#DIV/0!,,#DIV/0!,,#DIV/0!,,#DIV/0!,,#DIV/0!,,0,,0,,0,,0,,0,,,,,,,,,,,,,,,,,,,,
Wannon,LNP,IND,ALP,LNP,IND,11448,0.1055932704,14628.0,0.1349,Third,4341.0,0.296759639,,0,,0,10287.0,0.703240361,,0,,0,,0,,0,,0,,0,47312,0.4363931523,,,,,#DIV/0!,,#DIV/0!,,#DIV/0!,,#DIV/0!,,#DIV/0!,,0,,0,,0,,0,,0,3429,0.03162817296,4332.0,0.03995720189,Fifth,1262.0,0.2913204063,347.0,0.08010156971,341.0,0.0994459026,2382.0,0.5498614958,,0,,0,,0,,0,,0,,0,4532,0.04180194805,7399.0,0.0682463843,Fourth,996.0,0.1346127855,4302.0,0.581429923,,0,2101.0,0.2839572915,,0,,0,,0,,0,,0,,0,34805,0.321031951,,0,,,#DIV/0!,,#DIV/0!,,#DIV/0!,,#DIV/0!,,#DIV/0!,,0,,0,,0,,0,,0,6890,0.06355150531,7094.0,0.0654331464,Sixth,748.0,0.1054412179,1349.0,0.1901606992,863.0,0.1216521004,2447.0,0.3449393854,1687.0,0.2378065971,,0,,0,,0,,0,,0,,,,,,,,,,,,,,,,,,,,
Brisbane,,,,,,,,,,,,#DIV/0!,,#DIV/0!,,#DIV/0!,,#DIV/0!,,#DIV/0!,,#DIV/0!,,#DIV/0!,,#DIV/0!,,#DIV/0!,,#DIV/0!,,,,,,,#DIV/0!,,#DIV/0!,,#DIV/0!,,#DIV/0!,,#DIV/0!,,#DIV/0!,,#DIV/0!,,#DIV/0!,,#DIV/0!,,#DIV/0!,,,,,,,#DIV/0!,,#DIV/0!,,#DIV/0!,,#DIV/0!,,#DIV/0!,,#DIV/0!,,#DIV/0!,,#DIV/0!,,#DIV/0!,,#DIV/0!,,,,,,,#DIV/0!,,#DIV/0!,,#DIV/0!,,#DIV/0!,,#DIV/0!,,#DIV/0!,,#DIV/0!,,#DIV/0!,,#DIV/0!,,#DIV/0!,,,,,,,#DIV/0!,,#DIV/0!,,#DIV/0!,,#DIV/0!,,#DIV/0!,,#DIV/0!,,#DIV/0!,,#DIV/0!,,#DIV/0!,,#DIV/0!,,,,,,,#DIV/0!,,#DIV/0!,,#DIV/0!,,#DIV/0!,,#DIV/0!,,#DIV/0!,,#DIV/0!,,#DIV/0!,,#DIV/0!,,#DIV/0!,,,,,,,,,,,,,,,,,,,,
Lilley,,,,,,,,,,,,#DIV/0!,,#DIV/0!,,#DIV/0!,,#DIV/0!,,#DIV/0!,,#DIV/0!,,#DIV/0!,,#DIV/0!,,#DIV/0!,,#DIV/0!,,,,,,,#DIV/0!,,#DIV/0!,,#DIV/0!,,#DIV/0!,,#DIV/0!,,#DIV/0!,,#DIV/0!,,#DIV/0!,,#DIV/0!,,#DIV/0!,,,,,,,#DIV/0!,,#DIV/0!,,#DIV/0!,,#DIV/0!,,#DIV/0!,,#DIV/0!,,#DIV/0!,,#DIV/0!,,#DIV/0!,,#DIV/0!,,,,,,,#DIV/0!,,#DIV/0!,,#DIV/0!,,#DIV/0!,,#DIV/0!,,#DIV/0!,,#DIV/0!,,#DIV/0!,,#DIV/0!,,#DIV/0!,,,,,,,#DIV/0!,,#DIV/0!,,#DIV/0!,,#DIV/0!,,#DIV/0!,,#DIV/0!,,#DIV/0!,,#DIV/0!,,#DIV/0!,,#DIV/0!,,,,,,,#DIV/0!,,#DIV/0!,,#DIV/0!,,#DIV/0!,,#DIV/0!,,#DIV/0!,,#DIV/0!,,#DIV/0!,,#DIV/0!,,#DIV/0!,,,,,,,,,,,,,,,,,,,,
Griffith,,,,,,,,,,,,#DIV/0!,,#DIV/0!,,#DIV/0!,,#DIV/0!,,#DIV/0!,,#DIV/0!,,#DIV/0!,,#DIV/0!,,#DIV/0!,,#DIV/0!,,,,,,,#DIV/0!,,#DIV/0!,,#DIV/0!,,#DIV/0!,,#DIV/0!,,#DIV/0!,,#DIV/0!,,#DIV/0!,,#DIV/0!,,#DIV/0!,,,,,,,#DIV/0!,,#DIV/0!,,#DIV/0!,,#DIV/0!,,#DIV/0!,,#DIV/0!,,#DIV/0!,,#DIV/0!,,#DIV/0!,,#DIV/0!,,,,,,,#DIV/0!,,#DIV/0!,,#DIV/0!,,#DIV/0!,,#DIV/0!,,#DIV/0!,,#DIV/0!,,#DIV/0!,,#DIV/0!,,#DIV/0!,,,,,,,#DIV/0!,,#DIV/0!,,#DIV/0!,,#DIV/0!,,#DIV/0!,,#DIV/0!,,#DIV/0!,,#DIV/0!,,#DIV/0!,,#DIV/0!,,,,,,,#DIV/0!,,#DIV/0!,,#DIV/0!,,#DIV/0!,,#DIV/0!,,#DIV/0!,,#DIV/0!,,#DIV/0!,,#DIV/0!,,#DIV/0!,,,,,,,,,,,,,,,,,,,,
Moreton,,,,,,,,,,,,#DIV/0!,,#DIV/0!,,#DIV/0!,,#DIV/0!,,#DIV/0!,,#DIV/0!,,#DIV/0!,,#DIV/0!,,#DIV/0!,,#DIV/0!,,,,,,,#DIV/0!,,#DIV/0!,,#DIV/0!,,#DIV/0!,,#DIV/0!,,#DIV/0!,,#DIV/0!,,#DIV/0!,,#DIV/0!,,#DIV/0!,,,,,,,#DIV/0!,,#DIV/0!,,#DIV/0!,,#DIV/0!,,#DIV/0!,,#DIV/0!,,#DIV/0!,,#DIV/0!,,#DIV/0!,,#DIV/0!,,,,,,,#DIV/0!,,#DIV/0!,,#DIV/0!,,#DIV/0!,,#DIV/0!,,#DIV/0!,,#DIV/0!,,#DIV/0!,,#DIV/0!,,#DIV/0!,,,,,,,#DIV/0!,,#DIV/0!,,#DIV/0!,,#DIV/0!,,#DIV/0!,,#DIV/0!,,#DIV/0!,,#DIV/0!,,#DIV/0!,,#DIV/0!,,,,,,,#DIV/0!,,#DIV/0!,,#DIV/0!,,#DIV/0!,,#DIV/0!,,#DIV/0!,,#DIV/0!,,#DIV/0!,,#DIV/0!,,#DIV/0!,,,,,,,,,,,,,,,,,,,,
Bonner,,,,,,,,,,,,#DIV/0!,,#DIV/0!,,#DIV/0!,,#DIV/0!,,#DIV/0!,,#DIV/0!,,#DIV/0!,,#DIV/0!,,#DIV/0!,,#DIV/0!,,,,,,,#DIV/0!,,#DIV/0!,,#DIV/0!,,#DIV/0!,,#DIV/0!,,#DIV/0!,,#DIV/0!,,#DIV/0!,,#DIV/0!,,#DIV/0!,,,,,,,#DIV/0!,,#DIV/0!,,#DIV/0!,,#DIV/0!,,#DIV/0!,,#DIV/0!,,#DIV/0!,,#DIV/0!,,#DIV/0!,,#DIV/0!,,,,,,,#DIV/0!,,#DIV/0!,,#DIV/0!,,#DIV/0!,,#DIV/0!,,#DIV/0!,,#DIV/0!,,#DIV/0!,,#DIV/0!,,#DIV/0!,,,,,,,#DIV/0!,,#DIV/0!,,#DIV/0!,,#DIV/0!,,#DIV/0!,,#DIV/0!,,#DIV/0!,,#DIV/0!,,#DIV/0!,,#DIV/0!,,,,,,,#DIV/0!,,#DIV/0!,,#DIV/0!,,#DIV/0!,,#DIV/0!,,#DIV/0!,,#DIV/0!,,#DIV/0!,,#DIV/0!,,#DIV/0!,,,,,,,,,,,,,,,,,,,,
Bowman,,,,,,,,,,,,#DIV/0!,,#DIV/0!,,#DIV/0!,,#DIV/0!,,#DIV/0!,,#DIV/0!,,#DIV/0!,,#DIV/0!,,#DIV/0!,,#DIV/0!,,,,,,,#DIV/0!,,#DIV/0!,,#DIV/0!,,#DIV/0!,,#DIV/0!,,#DIV/0!,,#DIV/0!,,#DIV/0!,,#DIV/0!,,#DIV/0!,,,,,,,#DIV/0!,,#DIV/0!,,#DIV/0!,,#DIV/0!,,#DIV/0!,,#DIV/0!,,#DIV/0!,,#DIV/0!,,#DIV/0!,,#DIV/0!,,,,,,,#DIV/0!,,#DIV/0!,,#DIV/0!,,#DIV/0!,,#DIV/0!,,#DIV/0!,,#DIV/0!,,#DIV/0!,,#DIV/0!,,#DIV/0!,,,,,,,#DIV/0!,,#DIV/0!,,#DIV/0!,,#DIV/0!,,#DIV/0!,,#DIV/0!,,#DIV/0!,,#DIV/0!,,#DIV/0!,,#DIV/0!,,,,,,,#DIV/0!,,#DIV/0!,,#DIV/0!,,#DIV/0!,,#DIV/0!,,#DIV/0!,,#DIV/0!,,#DIV/0!,,#DIV/0!,,#DIV/0!,,,,,,,,,,,,,,,,,,,,
Dickson,,,,,,,,,,,,#DIV/0!,,#DIV/0!,,#DIV/0!,,#DIV/0!,,#DIV/0!,,#DIV/0!,,#DIV/0!,,#DIV/0!,,#DIV/0!,,#DIV/0!,,,,,,,#DIV/0!,,#DIV/0!,,#DIV/0!,,#DIV/0!,,#DIV/0!,,#DIV/0!,,#DIV/0!,,#DIV/0!,,#DIV/0!,,#DIV/0!,,,,,,,#DIV/0!,,#DIV/0!,,#DIV/0!,,#DIV/0!,,#DIV/0!,,#DIV/0!,,#DIV/0!,,#DIV/0!,,#DIV/0!,,#DIV/0!,,,,,,,#DIV/0!,,#DIV/0!,,#DIV/0!,,#DIV/0!,,#DIV/0!,,#DIV/0!,,#DIV/0!,,#DIV/0!,,#DIV/0!,,#DIV/0!,,,,,,,#DIV/0!,,#DIV/0!,,#DIV/0!,,#DIV/0!,,#DIV/0!,,#DIV/0!,,#DIV/0!,,#DIV/0!,,#DIV/0!,,#DIV/0!,,,,,,,#DIV/0!,,#DIV/0!,,#DIV/0!,,#DIV/0!,,#DIV/0!,,#DIV/0!,,#DIV/0!,,#DIV/0!,,#DIV/0!,,#DIV/0!,,,,,,,,,,,,,,,,,,,,
Petrie,,,,,,,,,,,,#DIV/0!,,#DIV/0!,,#DIV/0!,,#DIV/0!,,#DIV/0!,,#DIV/0!,,#DIV/0!,,#DIV/0!,,#DIV/0!,,#DIV/0!,,,,,,,#DIV/0!,,#DIV/0!,,#DIV/0!,,#DIV/0!,,#DIV/0!,,#DIV/0!,,#DIV/0!,,#DIV/0!,,#DIV/0!,,#DIV/0!,,,,,,,#DIV/0!,,#DIV/0!,,#DIV/0!,,#DIV/0!,,#DIV/0!,,#DIV/0!,,#DIV/0!,,#DIV/0!,,#DIV/0!,,#DIV/0!,,,,,,,#DIV/0!,,#DIV/0!,,#DIV/0!,,#DIV/0!,,#DIV/0!,,#DIV/0!,,#DIV/0!,,#DIV/0!,,#DIV/0!,,#DIV/0!,,,,,,,#DIV/0!,,#DIV/0!,,#DIV/0!,,#DIV/0!,,#DIV/0!,,#DIV/0!,,#DIV/0!,,#DIV/0!,,#DIV/0!,,#DIV/0!,,,,,,,#DIV/0!,,#DIV/0!,,#DIV/0!,,#DIV/0!,,#DIV/0!,,#DIV/0!,,#DIV/0!,,#DIV/0!,,#DIV/0!,,#DIV/0!,,,,,,,,,,,,,,,,,,,,
Fadden,,,,,,,,,,,,#DIV/0!,,#DIV/0!,,#DIV/0!,,#DIV/0!,,#DIV/0!,,#DIV/0!,,#DIV/0!,,#DIV/0!,,#DIV/0!,,#DIV/0!,,,,,,,#DIV/0!,,#DIV/0!,,#DIV/0!,,#DIV/0!,,#DIV/0!,,#DIV/0!,,#DIV/0!,,#DIV/0!,,#DIV/0!,,#DIV/0!,,,,,,,#DIV/0!,,#DIV/0!,,#DIV/0!,,#DIV/0!,,#DIV/0!,,#DIV/0!,,#DIV/0!,,#DIV/0!,,#DIV/0!,,#DIV/0!,,,,,,,#DIV/0!,,#DIV/0!,,#DIV/0!,,#DIV/0!,,#DIV/0!,,#DIV/0!,,#DIV/0!,,#DIV/0!,,#DIV/0!,,#DIV/0!,,,,,,,#DIV/0!,,#DIV/0!,,#DIV/0!,,#DIV/0!,,#DIV/0!,,#DIV/0!,,#DIV/0!,,#DIV/0!,,#DIV/0!,,#DIV/0!,,,,,,,#DIV/0!,,#DIV/0!,,#DIV/0!,,#DIV/0!,,#DIV/0!,,#DIV/0!,,#DIV/0!,,#DIV/0!,,#DIV/0!,,#DIV/0!,,,,,,,,,,,,,,,,,,,,
Forde,,,,,,,,,,,,#DIV/0!,,#DIV/0!,,#DIV/0!,,#DIV/0!,,#DIV/0!,,#DIV/0!,,#DIV/0!,,#DIV/0!,,#DIV/0!,,#DIV/0!,,,,,,,#DIV/0!,,#DIV/0!,,#DIV/0!,,#DIV/0!,,#DIV/0!,,#DIV/0!,,#DIV/0!,,#DIV/0!,,#DIV/0!,,#DIV/0!,,,,,,,#DIV/0!,,#DIV/0!,,#DIV/0!,,#DIV/0!,,#DIV/0!,,#DIV/0!,,#DIV/0!,,#DIV/0!,,#DIV/0!,,#DIV/0!,,,,,,,#DIV/0!,,#DIV/0!,,#DIV/0!,,#DIV/0!,,#DIV/0!,,#DIV/0!,,#DIV/0!,,#DIV/0!,,#DIV/0!,,#DIV/0!,,,,,,,#DIV/0!,,#DIV/0!,,#DIV/0!,,#DIV/0!,,#DIV/0!,,#DIV/0!,,#DIV/0!,,#DIV/0!,,#DIV/0!,,#DIV/0!,,,,,,,#DIV/0!,,#DIV/0!,,#DIV/0!,,#DIV/0!,,#DIV/0!,,#DIV/0!,,#DIV/0!,,#DIV/0!,,#DIV/0!,,#DIV/0!,,,,,,,,,,,,,,,,,,,,
Oxley,,,,,,,,,,,,#DIV/0!,,#DIV/0!,,#DIV/0!,,#DIV/0!,,#DIV/0!,,#DIV/0!,,#DIV/0!,,#DIV/0!,,#DIV/0!,,#DIV/0!,,,,,,,#DIV/0!,,#DIV/0!,,#DIV/0!,,#DIV/0!,,#DIV/0!,,#DIV/0!,,#DIV/0!,,#DIV/0!,,#DIV/0!,,#DIV/0!,,,,,,,#DIV/0!,,#DIV/0!,,#DIV/0!,,#DIV/0!,,#DIV/0!,,#DIV/0!,,#DIV/0!,,#DIV/0!,,#DIV/0!,,#DIV/0!,,,,,,,#DIV/0!,,#DIV/0!,,#DIV/0!,,#DIV/0!,,#DIV/0!,,#DIV/0!,,#DIV/0!,,#DIV/0!,,#DIV/0!,,#DIV/0!,,,,,,,#DIV/0!,,#DIV/0!,,#DIV/0!,,#DIV/0!,,#DIV/0!,,#DIV/0!,,#DIV/0!,,#DIV/0!,,#DIV/0!,,#DIV/0!,,,,,,,#DIV/0!,,#DIV/0!,,#DIV/0!,,#DIV/0!,,#DIV/0!,,#DIV/0!,,#DIV/0!,,#DIV/0!,,#DIV/0!,,#DIV/0!,,,,,,,,,,,,,,,,,,,,
Rankin,,,,,,,,,,,,#DIV/0!,,#DIV/0!,,#DIV/0!,,#DIV/0!,,#DIV/0!,,#DIV/0!,,#DIV/0!,,#DIV/0!,,#DIV/0!,,#DIV/0!,,,,,,,#DIV/0!,,#DIV/0!,,#DIV/0!,,#DIV/0!,,#DIV/0!,,#DIV/0!,,#DIV/0!,,#DIV/0!,,#DIV/0!,,#DIV/0!,,,,,,,#DIV/0!,,#DIV/0!,,#DIV/0!,,#DIV/0!,,#DIV/0!,,#DIV/0!,,#DIV/0!,,#DIV/0!,,#DIV/0!,,#DIV/0!,,,,,,,#DIV/0!,,#DIV/0!,,#DIV/0!,,#DIV/0!,,#DIV/0!,,#DIV/0!,,#DIV/0!,,#DIV/0!,,#DIV/0!,,#DIV/0!,,,,,,,#DIV/0!,,#DIV/0!,,#DIV/0!,,#DIV/0!,,#DIV/0!,,#DIV/0!,,#DIV/0!,,#DIV/0!,,#DIV/0!,,#DIV/0!,,,,,,,#DIV/0!,,#DIV/0!,,#DIV/0!,,#DIV/0!,,#DIV/0!,,#DIV/0!,,#DIV/0!,,#DIV/0!,,#DIV/0!,,#DIV/0!,,,,,,,,,,,,,,,,,,,,
Ryan,,,,,,,,,,,,#DIV/0!,,#DIV/0!,,#DIV/0!,,#DIV/0!,,#DIV/0!,,#DIV/0!,,#DIV/0!,,#DIV/0!,,#DIV/0!,,#DIV/0!,,,,,,,#DIV/0!,,#DIV/0!,,#DIV/0!,,#DIV/0!,,#DIV/0!,,#DIV/0!,,#DIV/0!,,#DIV/0!,,#DIV/0!,,#DIV/0!,,,,,,,#DIV/0!,,#DIV/0!,,#DIV/0!,,#DIV/0!,,#DIV/0!,,#DIV/0!,,#DIV/0!,,#DIV/0!,,#DIV/0!,,#DIV/0!,,,,,,,#DIV/0!,,#DIV/0!,,#DIV/0!,,#DIV/0!,,#DIV/0!,,#DIV/0!,,#DIV/0!,,#DIV/0!,,#DIV/0!,,#DIV/0!,,,,,,,#DIV/0!,,#DIV/0!,,#DIV/0!,,#DIV/0!,,#DIV/0!,,#DIV/0!,,#DIV/0!,,#DIV/0!,,#DIV/0!,,#DIV/0!,,,,,,,#DIV/0!,,#DIV/0!,,#DIV/0!,,#DIV/0!,,#DIV/0!,,#DIV/0!,,#DIV/0!,,#DIV/0!,,#DIV/0!,,#DIV/0!,,,,,,,,,,,,,,,,,,,,
Blair,,,,,,,,,,,,#DIV/0!,,#DIV/0!,,#DIV/0!,,#DIV/0!,,#DIV/0!,,#DIV/0!,,#DIV/0!,,#DIV/0!,,#DIV/0!,,#DIV/0!,,,,,,,#DIV/0!,,#DIV/0!,,#DIV/0!,,#DIV/0!,,#DIV/0!,,#DIV/0!,,#DIV/0!,,#DIV/0!,,#DIV/0!,,#DIV/0!,,,,,,,#DIV/0!,,#DIV/0!,,#DIV/0!,,#DIV/0!,,#DIV/0!,,#DIV/0!,,#DIV/0!,,#DIV/0!,,#DIV/0!,,#DIV/0!,,,,,,,#DIV/0!,,#DIV/0!,,#DIV/0!,,#DIV/0!,,#DIV/0!,,#DIV/0!,,#DIV/0!,,#DIV/0!,,#DIV/0!,,#DIV/0!,,,,,,,#DIV/0!,,#DIV/0!,,#DIV/0!,,#DIV/0!,,#DIV/0!,,#DIV/0!,,#DIV/0!,,#DIV/0!,,#DIV/0!,,#DIV/0!,,,,,,,#DIV/0!,,#DIV/0!,,#DIV/0!,,#DIV/0!,,#DIV/0!,,#DIV/0!,,#DIV/0!,,#DIV/0!,,#DIV/0!,,#DIV/0!,,,,,,,,,,,,,,,,,,,,
Capricornia,,,,,,,,,,,,#DIV/0!,,#DIV/0!,,#DIV/0!,,#DIV/0!,,#DIV/0!,,#DIV/0!,,#DIV/0!,,#DIV/0!,,#DIV/0!,,#DIV/0!,,,,,,,#DIV/0!,,#DIV/0!,,#DIV/0!,,#DIV/0!,,#DIV/0!,,#DIV/0!,,#DIV/0!,,#DIV/0!,,#DIV/0!,,#DIV/0!,,,,,,,#DIV/0!,,#DIV/0!,,#DIV/0!,,#DIV/0!,,#DIV/0!,,#DIV/0!,,#DIV/0!,,#DIV/0!,,#DIV/0!,,#DIV/0!,,,,,,,#DIV/0!,,#DIV/0!,,#DIV/0!,,#DIV/0!,,#DIV/0!,,#DIV/0!,,#DIV/0!,,#DIV/0!,,#DIV/0!,,#DIV/0!,,,,,,,#DIV/0!,,#DIV/0!,,#DIV/0!,,#DIV/0!,,#DIV/0!,,#DIV/0!,,#DIV/0!,,#DIV/0!,,#DIV/0!,,#DIV/0!,,,,,,,#DIV/0!,,#DIV/0!,,#DIV/0!,,#DIV/0!,,#DIV/0!,,#DIV/0!,,#DIV/0!,,#DIV/0!,,#DIV/0!,,#DIV/0!,,,,,,,,,,,,,,,,,,,,
Herbert,,,,,,,,,,,,#DIV/0!,,#DIV/0!,,#DIV/0!,,#DIV/0!,,#DIV/0!,,#DIV/0!,,#DIV/0!,,#DIV/0!,,#DIV/0!,,#DIV/0!,,,,,,,#DIV/0!,,#DIV/0!,,#DIV/0!,,#DIV/0!,,#DIV/0!,,#DIV/0!,,#DIV/0!,,#DIV/0!,,#DIV/0!,,#DIV/0!,,,,,,,#DIV/0!,,#DIV/0!,,#DIV/0!,,#DIV/0!,,#DIV/0!,,#DIV/0!,,#DIV/0!,,#DIV/0!,,#DIV/0!,,#DIV/0!,,,,,,,#DIV/0!,,#DIV/0!,,#DIV/0!,,#DIV/0!,,#DIV/0!,,#DIV/0!,,#DIV/0!,,#DIV/0!,,#DIV/0!,,#DIV/0!,,,,,,,#DIV/0!,,#DIV/0!,,#DIV/0!,,#DIV/0!,,#DIV/0!,,#DIV/0!,,#DIV/0!,,#DIV/0!,,#DIV/0!,,#DIV/0!,,,,,,,#DIV/0!,,#DIV/0!,,#DIV/0!,,#DIV/0!,,#DIV/0!,,#DIV/0!,,#DIV/0!,,#DIV/0!,,#DIV/0!,,#DIV/0!,,,,,,,,,,,,,,,,,,,,
Hinkler,,,,,,,,,,,,#DIV/0!,,#DIV/0!,,#DIV/0!,,#DIV/0!,,#DIV/0!,,#DIV/0!,,#DIV/0!,,#DIV/0!,,#DIV/0!,,#DIV/0!,,,,,,,#DIV/0!,,#DIV/0!,,#DIV/0!,,#DIV/0!,,#DIV/0!,,#DIV/0!,,#DIV/0!,,#DIV/0!,,#DIV/0!,,#DIV/0!,,,,,,,#DIV/0!,,#DIV/0!,,#DIV/0!,,#DIV/0!,,#DIV/0!,,#DIV/0!,,#DIV/0!,,#DIV/0!,,#DIV/0!,,#DIV/0!,,,,,,,#DIV/0!,,#DIV/0!,,#DIV/0!,,#DIV/0!,,#DIV/0!,,#DIV/0!,,#DIV/0!,,#DIV/0!,,#DIV/0!,,#DIV/0!,,,,,,,#DIV/0!,,#DIV/0!,,#DIV/0!,,#DIV/0!,,#DIV/0!,,#DIV/0!,,#DIV/0!,,#DIV/0!,,#DIV/0!,,#DIV/0!,,,,,,,#DIV/0!,,#DIV/0!,,#DIV/0!,,#DIV/0!,,#DIV/0!,,#DIV/0!,,#DIV/0!,,#DIV/0!,,#DIV/0!,,#DIV/0!,,,,,,,,,,,,,,,,,,,,
Longman,,,,,,,,,,,,#DIV/0!,,#DIV/0!,,#DIV/0!,,#DIV/0!,,#DIV/0!,,#DIV/0!,,#DIV/0!,,#DIV/0!,,#DIV/0!,,#DIV/0!,,,,,,,#DIV/0!,,#DIV/0!,,#DIV/0!,,#DIV/0!,,#DIV/0!,,#DIV/0!,,#DIV/0!,,#DIV/0!,,#DIV/0!,,#DIV/0!,,,,,,,#DIV/0!,,#DIV/0!,,#DIV/0!,,#DIV/0!,,#DIV/0!,,#DIV/0!,,#DIV/0!,,#DIV/0!,,#DIV/0!,,#DIV/0!,,,,,,,#DIV/0!,,#DIV/0!,,#DIV/0!,,#DIV/0!,,#DIV/0!,,#DIV/0!,,#DIV/0!,,#DIV/0!,,#DIV/0!,,#DIV/0!,,,,,,,#DIV/0!,,#DIV/0!,,#DIV/0!,,#DIV/0!,,#DIV/0!,,#DIV/0!,,#DIV/0!,,#DIV/0!,,#DIV/0!,,#DIV/0!,,,,,,,#DIV/0!,,#DIV/0!,,#DIV/0!,,#DIV/0!,,#DIV/0!,,#DIV/0!,,#DIV/0!,,#DIV/0!,,#DIV/0!,,#DIV/0!,,,,,,,,,,,,,,,,,,,,
Groom,,,,,,,,,,,,#DIV/0!,,#DIV/0!,,#DIV/0!,,#DIV/0!,,#DIV/0!,,#DIV/0!,,#DIV/0!,,#DIV/0!,,#DIV/0!,,#DIV/0!,,,,,,,#DIV/0!,,#DIV/0!,,#DIV/0!,,#DIV/0!,,#DIV/0!,,#DIV/0!,,#DIV/0!,,#DIV/0!,,#DIV/0!,,#DIV/0!,,,,,,,#DIV/0!,,#DIV/0!,,#DIV/0!,,#DIV/0!,,#DIV/0!,,#DIV/0!,,#DIV/0!,,#DIV/0!,,#DIV/0!,,#DIV/0!,,,,,,,#DIV/0!,,#DIV/0!,,#DIV/0!,,#DIV/0!,,#DIV/0!,,#DIV/0!,,#DIV/0!,,#DIV/0!,,#DIV/0!,,#DIV/0!,,,,,,,#DIV/0!,,#DIV/0!,,#DIV/0!,,#DIV/0!,,#DIV/0!,,#DIV/0!,,#DIV/0!,,#DIV/0!,,#DIV/0!,,#DIV/0!,,,,,,,#DIV/0!,,#DIV/0!,,#DIV/0!,,#DIV/0!,,#DIV/0!,,#DIV/0!,,#DIV/0!,,#DIV/0!,,#DIV/0!,,#DIV/0!,,,,,,,,,,,,,,,,,,,,
McPherson,,,,,,,,,,,,#DIV/0!,,#DIV/0!,,#DIV/0!,,#DIV/0!,,#DIV/0!,,#DIV/0!,,#DIV/0!,,#DIV/0!,,#DIV/0!,,#DIV/0!,,,,,,,#DIV/0!,,#DIV/0!,,#DIV/0!,,#DIV/0!,,#DIV/0!,,#DIV/0!,,#DIV/0!,,#DIV/0!,,#DIV/0!,,#DIV/0!,,,,,,,#DIV/0!,,#DIV/0!,,#DIV/0!,,#DIV/0!,,#DIV/0!,,#DIV/0!,,#DIV/0!,,#DIV/0!,,#DIV/0!,,#DIV/0!,,,,,,,#DIV/0!,,#DIV/0!,,#DIV/0!,,#DIV/0!,,#DIV/0!,,#DIV/0!,,#DIV/0!,,#DIV/0!,,#DIV/0!,,#DIV/0!,,,,,,,#DIV/0!,,#DIV/0!,,#DIV/0!,,#DIV/0!,,#DIV/0!,,#DIV/0!,,#DIV/0!,,#DIV/0!,,#DIV/0!,,#DIV/0!,,,,,,,#DIV/0!,,#DIV/0!,,#DIV/0!,,#DIV/0!,,#DIV/0!,,#DIV/0!,,#DIV/0!,,#DIV/0!,,#DIV/0!,,#DIV/0!,,,,,,,,,,,,,,,,,,,,
Moncrieff,,,,,,,,,,,,#DIV/0!,,#DIV/0!,,#DIV/0!,,#DIV/0!,,#DIV/0!,,#DIV/0!,,#DIV/0!,,#DIV/0!,,#DIV/0!,,#DIV/0!,,,,,,,#DIV/0!,,#DIV/0!,,#DIV/0!,,#DIV/0!,,#DIV/0!,,#DIV/0!,,#DIV/0!,,#DIV/0!,,#DIV/0!,,#DIV/0!,,,,,,,#DIV/0!,,#DIV/0!,,#DIV/0!,,#DIV/0!,,#DIV/0!,,#DIV/0!,,#DIV/0!,,#DIV/0!,,#DIV/0!,,#DIV/0!,,,,,,,#DIV/0!,,#DIV/0!,,#DIV/0!,,#DIV/0!,,#DIV/0!,,#DIV/0!,,#DIV/0!,,#DIV/0!,,#DIV/0!,,#DIV/0!,,,,,,,#DIV/0!,,#DIV/0!,,#DIV/0!,,#DIV/0!,,#DIV/0!,,#DIV/0!,,#DIV/0!,,#DIV/0!,,#DIV/0!,,#DIV/0!,,,,,,,#DIV/0!,,#DIV/0!,,#DIV/0!,,#DIV/0!,,#DIV/0!,,#DIV/0!,,#DIV/0!,,#DIV/0!,,#DIV/0!,,#DIV/0!,,,,,,,,,,,,,,,,,,,,
Dawson,,,,,,,,,,,,#DIV/0!,,#DIV/0!,,#DIV/0!,,#DIV/0!,,#DIV/0!,,#DIV/0!,,#DIV/0!,,#DIV/0!,,#DIV/0!,,#DIV/0!,,,,,,,#DIV/0!,,#DIV/0!,,#DIV/0!,,#DIV/0!,,#DIV/0!,,#DIV/0!,,#DIV/0!,,#DIV/0!,,#DIV/0!,,#DIV/0!,,,,,,,#DIV/0!,,#DIV/0!,,#DIV/0!,,#DIV/0!,,#DIV/0!,,#DIV/0!,,#DIV/0!,,#DIV/0!,,#DIV/0!,,#DIV/0!,,,,,,,#DIV/0!,,#DIV/0!,,#DIV/0!,,#DIV/0!,,#DIV/0!,,#DIV/0!,,#DIV/0!,,#DIV/0!,,#DIV/0!,,#DIV/0!,,,,,,,#DIV/0!,,#DIV/0!,,#DIV/0!,,#DIV/0!,,#DIV/0!,,#DIV/0!,,#DIV/0!,,#DIV/0!,,#DIV/0!,,#DIV/0!,,,,,,,#DIV/0!,,#DIV/0!,,#DIV/0!,,#DIV/0!,,#DIV/0!,,#DIV/0!,,#DIV/0!,,#DIV/0!,,#DIV/0!,,#DIV/0!,,,,,,,,,,,,,,,,,,,,
Kennedy,,,,,,,,,,,,#DIV/0!,,#DIV/0!,,#DIV/0!,,#DIV/0!,,#DIV/0!,,#DIV/0!,,#DIV/0!,,#DIV/0!,,#DIV/0!,,#DIV/0!,,,,,,,#DIV/0!,,#DIV/0!,,#DIV/0!,,#DIV/0!,,#DIV/0!,,#DIV/0!,,#DIV/0!,,#DIV/0!,,#DIV/0!,,#DIV/0!,,,,,,,#DIV/0!,,#DIV/0!,,#DIV/0!,,#DIV/0!,,#DIV/0!,,#DIV/0!,,#DIV/0!,,#DIV/0!,,#DIV/0!,,#DIV/0!,,,,,,,#DIV/0!,,#DIV/0!,,#DIV/0!,,#DIV/0!,,#DIV/0!,,#DIV/0!,,#DIV/0!,,#DIV/0!,,#DIV/0!,,#DIV/0!,,,,,,,#DIV/0!,,#DIV/0!,,#DIV/0!,,#DIV/0!,,#DIV/0!,,#DIV/0!,,#DIV/0!,,#DIV/0!,,#DIV/0!,,#DIV/0!,,,,,,,#DIV/0!,,#DIV/0!,,#DIV/0!,,#DIV/0!,,#DIV/0!,,#DIV/0!,,#DIV/0!,,#DIV/0!,,#DIV/0!,,#DIV/0!,,,,,,,,,,,,,,,,,,,,
Leichhardt,,,,,,,,,,,,#DIV/0!,,#DIV/0!,,#DIV/0!,,#DIV/0!,,#DIV/0!,,#DIV/0!,,#DIV/0!,,#DIV/0!,,#DIV/0!,,#DIV/0!,,,,,,,#DIV/0!,,#DIV/0!,,#DIV/0!,,#DIV/0!,,#DIV/0!,,#DIV/0!,,#DIV/0!,,#DIV/0!,,#DIV/0!,,#DIV/0!,,,,,,,#DIV/0!,,#DIV/0!,,#DIV/0!,,#DIV/0!,,#DIV/0!,,#DIV/0!,,#DIV/0!,,#DIV/0!,,#DIV/0!,,#DIV/0!,,,,,,,#DIV/0!,,#DIV/0!,,#DIV/0!,,#DIV/0!,,#DIV/0!,,#DIV/0!,,#DIV/0!,,#DIV/0!,,#DIV/0!,,#DIV/0!,,,,,,,#DIV/0!,,#DIV/0!,,#DIV/0!,,#DIV/0!,,#DIV/0!,,#DIV/0!,,#DIV/0!,,#DIV/0!,,#DIV/0!,,#DIV/0!,,,,,,,#DIV/0!,,#DIV/0!,,#DIV/0!,,#DIV/0!,,#DIV/0!,,#DIV/0!,,#DIV/0!,,#DIV/0!,,#DIV/0!,,#DIV/0!,,,,,,,,,,,,,,,,,,,,
Flynn,,,,,,,,,,,,#DIV/0!,,#DIV/0!,,#DIV/0!,,#DIV/0!,,#DIV/0!,,#DIV/0!,,#DIV/0!,,#DIV/0!,,#DIV/0!,,#DIV/0!,,,,,,,#DIV/0!,,#DIV/0!,,#DIV/0!,,#DIV/0!,,#DIV/0!,,#DIV/0!,,#DIV/0!,,#DIV/0!,,#DIV/0!,,#DIV/0!,,,,,,,#DIV/0!,,#DIV/0!,,#DIV/0!,,#DIV/0!,,#DIV/0!,,#DIV/0!,,#DIV/0!,,#DIV/0!,,#DIV/0!,,#DIV/0!,,,,,,,#DIV/0!,,#DIV/0!,,#DIV/0!,,#DIV/0!,,#DIV/0!,,#DIV/0!,,#DIV/0!,,#DIV/0!,,#DIV/0!,,#DIV/0!,,,,,,,#DIV/0!,,#DIV/0!,,#DIV/0!,,#DIV/0!,,#DIV/0!,,#DIV/0!,,#DIV/0!,,#DIV/0!,,#DIV/0!,,#DIV/0!,,,,,,,#DIV/0!,,#DIV/0!,,#DIV/0!,,#DIV/0!,,#DIV/0!,,#DIV/0!,,#DIV/0!,,#DIV/0!,,#DIV/0!,,#DIV/0!,,,,,,,,,,,,,,,,,,,,
Fairfax,,,,,,,,,,,,#DIV/0!,,#DIV/0!,,#DIV/0!,,#DIV/0!,,#DIV/0!,,#DIV/0!,,#DIV/0!,,#DIV/0!,,#DIV/0!,,#DIV/0!,,,,,,,#DIV/0!,,#DIV/0!,,#DIV/0!,,#DIV/0!,,#DIV/0!,,#DIV/0!,,#DIV/0!,,#DIV/0!,,#DIV/0!,,#DIV/0!,,,,,,,#DIV/0!,,#DIV/0!,,#DIV/0!,,#DIV/0!,,#DIV/0!,,#DIV/0!,,#DIV/0!,,#DIV/0!,,#DIV/0!,,#DIV/0!,,,,,,,#DIV/0!,,#DIV/0!,,#DIV/0!,,#DIV/0!,,#DIV/0!,,#DIV/0!,,#DIV/0!,,#DIV/0!,,#DIV/0!,,#DIV/0!,,,,,,,#DIV/0!,,#DIV/0!,,#DIV/0!,,#DIV/0!,,#DIV/0!,,#DIV/0!,,#DIV/0!,,#DIV/0!,,#DIV/0!,,#DIV/0!,,,,,,,#DIV/0!,,#DIV/0!,,#DIV/0!,,#DIV/0!,,#DIV/0!,,#DIV/0!,,#DIV/0!,,#DIV/0!,,#DIV/0!,,#DIV/0!,,,,,,,,,,,,,,,,,,,,
Fisher,,,,,,,,,,,,#DIV/0!,,#DIV/0!,,#DIV/0!,,#DIV/0!,,#DIV/0!,,#DIV/0!,,#DIV/0!,,#DIV/0!,,#DIV/0!,,#DIV/0!,,,,,,,#DIV/0!,,#DIV/0!,,#DIV/0!,,#DIV/0!,,#DIV/0!,,#DIV/0!,,#DIV/0!,,#DIV/0!,,#DIV/0!,,#DIV/0!,,,,,,,#DIV/0!,,#DIV/0!,,#DIV/0!,,#DIV/0!,,#DIV/0!,,#DIV/0!,,#DIV/0!,,#DIV/0!,,#DIV/0!,,#DIV/0!,,,,,,,#DIV/0!,,#DIV/0!,,#DIV/0!,,#DIV/0!,,#DIV/0!,,#DIV/0!,,#DIV/0!,,#DIV/0!,,#DIV/0!,,#DIV/0!,,,,,,,#DIV/0!,,#DIV/0!,,#DIV/0!,,#DIV/0!,,#DIV/0!,,#DIV/0!,,#DIV/0!,,#DIV/0!,,#DIV/0!,,#DIV/0!,,,,,,,#DIV/0!,,#DIV/0!,,#DIV/0!,,#DIV/0!,,#DIV/0!,,#DIV/0!,,#DIV/0!,,#DIV/0!,,#DIV/0!,,#DIV/0!,,,,,,,,,,,,,,,,,,,,
Maranoa,,,,,,,,,,,,#DIV/0!,,#DIV/0!,,#DIV/0!,,#DIV/0!,,#DIV/0!,,#DIV/0!,,#DIV/0!,,#DIV/0!,,#DIV/0!,,#DIV/0!,,,,,,,#DIV/0!,,#DIV/0!,,#DIV/0!,,#DIV/0!,,#DIV/0!,,#DIV/0!,,#DIV/0!,,#DIV/0!,,#DIV/0!,,#DIV/0!,,,,,,,#DIV/0!,,#DIV/0!,,#DIV/0!,,#DIV/0!,,#DIV/0!,,#DIV/0!,,#DIV/0!,,#DIV/0!,,#DIV/0!,,#DIV/0!,,,,,,,#DIV/0!,,#DIV/0!,,#DIV/0!,,#DIV/0!,,#DIV/0!,,#DIV/0!,,#DIV/0!,,#DIV/0!,,#DIV/0!,,#DIV/0!,,,,,,,#DIV/0!,,#DIV/0!,,#DIV/0!,,#DIV/0!,,#DIV/0!,,#DIV/0!,,#DIV/0!,,#DIV/0!,,#DIV/0!,,#DIV/0!,,,,,,,#DIV/0!,,#DIV/0!,,#DIV/0!,,#DIV/0!,,#DIV/0!,,#DIV/0!,,#DIV/0!,,#DIV/0!,,#DIV/0!,,#DIV/0!,,,,,,,,,,,,,,,,,,,,
Wide Bay,,,,,,,,,,,,#DIV/0!,,#DIV/0!,,#DIV/0!,,#DIV/0!,,#DIV/0!,,#DIV/0!,,#DIV/0!,,#DIV/0!,,#DIV/0!,,#DIV/0!,,,,,,,#DIV/0!,,#DIV/0!,,#DIV/0!,,#DIV/0!,,#DIV/0!,,#DIV/0!,,#DIV/0!,,#DIV/0!,,#DIV/0!,,#DIV/0!,,,,,,,#DIV/0!,,#DIV/0!,,#DIV/0!,,#DIV/0!,,#DIV/0!,,#DIV/0!,,#DIV/0!,,#DIV/0!,,#DIV/0!,,#DIV/0!,,,,,,,#DIV/0!,,#DIV/0!,,#DIV/0!,,#DIV/0!,,#DIV/0!,,#DIV/0!,,#DIV/0!,,#DIV/0!,,#DIV/0!,,#DIV/0!,,,,,,,#DIV/0!,,#DIV/0!,,#DIV/0!,,#DIV/0!,,#DIV/0!,,#DIV/0!,,#DIV/0!,,#DIV/0!,,#DIV/0!,,#DIV/0!,,,,,,,#DIV/0!,,#DIV/0!,,#DIV/0!,,#DIV/0!,,#DIV/0!,,#DIV/0!,,#DIV/0!,,#DIV/0!,,#DIV/0!,,#DIV/0!,,,,,,,,,,,,,,,,,,,,
Wright,,,,,,,,,,,,#DIV/0!,,#DIV/0!,,#DIV/0!,,#DIV/0!,,#DIV/0!,,#DIV/0!,,#DIV/0!,,#DIV/0!,,#DIV/0!,,#DIV/0!,,,,,,,#DIV/0!,,#DIV/0!,,#DIV/0!,,#DIV/0!,,#DIV/0!,,#DIV/0!,,#DIV/0!,,#DIV/0!,,#DIV/0!,,#DIV/0!,,,,,,,#DIV/0!,,#DIV/0!,,#DIV/0!,,#DIV/0!,,#DIV/0!,,#DIV/0!,,#DIV/0!,,#DIV/0!,,#DIV/0!,,#DIV/0!,,,,,,,#DIV/0!,,#DIV/0!,,#DIV/0!,,#DIV/0!,,#DIV/0!,,#DIV/0!,,#DIV/0!,,#DIV/0!,,#DIV/0!,,#DIV/0!,,,,,,,#DIV/0!,,#DIV/0!,,#DIV/0!,,#DIV/0!,,#DIV/0!,,#DIV/0!,,#DIV/0!,,#DIV/0!,,#DIV/0!,,#DIV/0!,,,,,,,#DIV/0!,,#DIV/0!,,#DIV/0!,,#DIV/0!,,#DIV/0!,,#DIV/0!,,#DIV/0!,,#DIV/0!,,#DIV/0!,,#DIV/0!,,,,,,,,,,,,,,,,,,,,
Cowan,,,,,,,,,,,,#DIV/0!,,#DIV/0!,,#DIV/0!,,#DIV/0!,,#DIV/0!,,#DIV/0!,,#DIV/0!,,#DIV/0!,,#DIV/0!,,#DIV/0!,,,,,,,#DIV/0!,,#DIV/0!,,#DIV/0!,,#DIV/0!,,#DIV/0!,,#DIV/0!,,#DIV/0!,,#DIV/0!,,#DIV/0!,,#DIV/0!,,,,,,,#DIV/0!,,#DIV/0!,,#DIV/0!,,#DIV/0!,,#DIV/0!,,#DIV/0!,,#DIV/0!,,#DIV/0!,,#DIV/0!,,#DIV/0!,,,,,,,#DIV/0!,,#DIV/0!,,#DIV/0!,,#DIV/0!,,#DIV/0!,,#DIV/0!,,#DIV/0!,,#DIV/0!,,#DIV/0!,,#DIV/0!,,,,,,,#DIV/0!,,#DIV/0!,,#DIV/0!,,#DIV/0!,,#DIV/0!,,#DIV/0!,,#DIV/0!,,#DIV/0!,,#DIV/0!,,#DIV/0!,,,,,,,#DIV/0!,,#DIV/0!,,#DIV/0!,,#DIV/0!,,#DIV/0!,,#DIV/0!,,#DIV/0!,,#DIV/0!,,#DIV/0!,,#DIV/0!,,,,,,,,,,,,,,,,,,,,
Curtin,,,,,,,,,,,,#DIV/0!,,#DIV/0!,,#DIV/0!,,#DIV/0!,,#DIV/0!,,#DIV/0!,,#DIV/0!,,#DIV/0!,,#DIV/0!,,#DIV/0!,,,,,,,#DIV/0!,,#DIV/0!,,#DIV/0!,,#DIV/0!,,#DIV/0!,,#DIV/0!,,#DIV/0!,,#DIV/0!,,#DIV/0!,,#DIV/0!,,,,,,,#DIV/0!,,#DIV/0!,,#DIV/0!,,#DIV/0!,,#DIV/0!,,#DIV/0!,,#DIV/0!,,#DIV/0!,,#DIV/0!,,#DIV/0!,,,,,,,#DIV/0!,,#DIV/0!,,#DIV/0!,,#DIV/0!,,#DIV/0!,,#DIV/0!,,#DIV/0!,,#DIV/0!,,#DIV/0!,,#DIV/0!,,,,,,,#DIV/0!,,#DIV/0!,,#DIV/0!,,#DIV/0!,,#DIV/0!,,#DIV/0!,,#DIV/0!,,#DIV/0!,,#DIV/0!,,#DIV/0!,,,,,,,#DIV/0!,,#DIV/0!,,#DIV/0!,,#DIV/0!,,#DIV/0!,,#DIV/0!,,#DIV/0!,,#DIV/0!,,#DIV/0!,,#DIV/0!,,,,,,,,,,,,,,,,,,,,
Perth,,,,,,,,,,,,#DIV/0!,,#DIV/0!,,#DIV/0!,,#DIV/0!,,#DIV/0!,,#DIV/0!,,#DIV/0!,,#DIV/0!,,#DIV/0!,,#DIV/0!,,,,,,,#DIV/0!,,#DIV/0!,,#DIV/0!,,#DIV/0!,,#DIV/0!,,#DIV/0!,,#DIV/0!,,#DIV/0!,,#DIV/0!,,#DIV/0!,,,,,,,#DIV/0!,,#DIV/0!,,#DIV/0!,,#DIV/0!,,#DIV/0!,,#DIV/0!,,#DIV/0!,,#DIV/0!,,#DIV/0!,,#DIV/0!,,,,,,,#DIV/0!,,#DIV/0!,,#DIV/0!,,#DIV/0!,,#DIV/0!,,#DIV/0!,,#DIV/0!,,#DIV/0!,,#DIV/0!,,#DIV/0!,,,,,,,#DIV/0!,,#DIV/0!,,#DIV/0!,,#DIV/0!,,#DIV/0!,,#DIV/0!,,#DIV/0!,,#DIV/0!,,#DIV/0!,,#DIV/0!,,,,,,,#DIV/0!,,#DIV/0!,,#DIV/0!,,#DIV/0!,,#DIV/0!,,#DIV/0!,,#DIV/0!,,#DIV/0!,,#DIV/0!,,#DIV/0!,,,,,,,,,,,,,,,,,,,,
Stirling,,,,,,,,,,,,#DIV/0!,,#DIV/0!,,#DIV/0!,,#DIV/0!,,#DIV/0!,,#DIV/0!,,#DIV/0!,,#DIV/0!,,#DIV/0!,,#DIV/0!,,,,,,,#DIV/0!,,#DIV/0!,,#DIV/0!,,#DIV/0!,,#DIV/0!,,#DIV/0!,,#DIV/0!,,#DIV/0!,,#DIV/0!,,#DIV/0!,,,,,,,#DIV/0!,,#DIV/0!,,#DIV/0!,,#DIV/0!,,#DIV/0!,,#DIV/0!,,#DIV/0!,,#DIV/0!,,#DIV/0!,,#DIV/0!,,,,,,,#DIV/0!,,#DIV/0!,,#DIV/0!,,#DIV/0!,,#DIV/0!,,#DIV/0!,,#DIV/0!,,#DIV/0!,,#DIV/0!,,#DIV/0!,,,,,,,#DIV/0!,,#DIV/0!,,#DIV/0!,,#DIV/0!,,#DIV/0!,,#DIV/0!,,#DIV/0!,,#DIV/0!,,#DIV/0!,,#DIV/0!,,,,,,,#DIV/0!,,#DIV/0!,,#DIV/0!,,#DIV/0!,,#DIV/0!,,#DIV/0!,,#DIV/0!,,#DIV/0!,,#DIV/0!,,#DIV/0!,,,,,,,,,,,,,,,,,,,,
Fremantle,,,,,,,,,,,,#DIV/0!,,#DIV/0!,,#DIV/0!,,#DIV/0!,,#DIV/0!,,#DIV/0!,,#DIV/0!,,#DIV/0!,,#DIV/0!,,#DIV/0!,,,,,,,#DIV/0!,,#DIV/0!,,#DIV/0!,,#DIV/0!,,#DIV/0!,,#DIV/0!,,#DIV/0!,,#DIV/0!,,#DIV/0!,,#DIV/0!,,,,,,,#DIV/0!,,#DIV/0!,,#DIV/0!,,#DIV/0!,,#DIV/0!,,#DIV/0!,,#DIV/0!,,#DIV/0!,,#DIV/0!,,#DIV/0!,,,,,,,#DIV/0!,,#DIV/0!,,#DIV/0!,,#DIV/0!,,#DIV/0!,,#DIV/0!,,#DIV/0!,,#DIV/0!,,#DIV/0!,,#DIV/0!,,,,,,,#DIV/0!,,#DIV/0!,,#DIV/0!,,#DIV/0!,,#DIV/0!,,#DIV/0!,,#DIV/0!,,#DIV/0!,,#DIV/0!,,#DIV/0!,,,,,,,#DIV/0!,,#DIV/0!,,#DIV/0!,,#DIV/0!,,#DIV/0!,,#DIV/0!,,#DIV/0!,,#DIV/0!,,#DIV/0!,,#DIV/0!,,,,,,,,,,,,,,,,,,,,
Swan,,,,,,,,,,,,#DIV/0!,,#DIV/0!,,#DIV/0!,,#DIV/0!,,#DIV/0!,,#DIV/0!,,#DIV/0!,,#DIV/0!,,#DIV/0!,,#DIV/0!,,,,,,,#DIV/0!,,#DIV/0!,,#DIV/0!,,#DIV/0!,,#DIV/0!,,#DIV/0!,,#DIV/0!,,#DIV/0!,,#DIV/0!,,#DIV/0!,,,,,,,#DIV/0!,,#DIV/0!,,#DIV/0!,,#DIV/0!,,#DIV/0!,,#DIV/0!,,#DIV/0!,,#DIV/0!,,#DIV/0!,,#DIV/0!,,,,,,,#DIV/0!,,#DIV/0!,,#DIV/0!,,#DIV/0!,,#DIV/0!,,#DIV/0!,,#DIV/0!,,#DIV/0!,,#DIV/0!,,#DIV/0!,,,,,,,#DIV/0!,,#DIV/0!,,#DIV/0!,,#DIV/0!,,#DIV/0!,,#DIV/0!,,#DIV/0!,,#DIV/0!,,#DIV/0!,,#DIV/0!,,,,,,,#DIV/0!,,#DIV/0!,,#DIV/0!,,#DIV/0!,,#DIV/0!,,#DIV/0!,,#DIV/0!,,#DIV/0!,,#DIV/0!,,#DIV/0!,,,,,,,,,,,,,,,,,,,,
Tangney,,,,,,,,,,,,#DIV/0!,,#DIV/0!,,#DIV/0!,,#DIV/0!,,#DIV/0!,,#DIV/0!,,#DIV/0!,,#DIV/0!,,#DIV/0!,,#DIV/0!,,,,,,,#DIV/0!,,#DIV/0!,,#DIV/0!,,#DIV/0!,,#DIV/0!,,#DIV/0!,,#DIV/0!,,#DIV/0!,,#DIV/0!,,#DIV/0!,,,,,,,#DIV/0!,,#DIV/0!,,#DIV/0!,,#DIV/0!,,#DIV/0!,,#DIV/0!,,#DIV/0!,,#DIV/0!,,#DIV/0!,,#DIV/0!,,,,,,,#DIV/0!,,#DIV/0!,,#DIV/0!,,#DIV/0!,,#DIV/0!,,#DIV/0!,,#DIV/0!,,#DIV/0!,,#DIV/0!,,#DIV/0!,,,,,,,#DIV/0!,,#DIV/0!,,#DIV/0!,,#DIV/0!,,#DIV/0!,,#DIV/0!,,#DIV/0!,,#DIV/0!,,#DIV/0!,,#DIV/0!,,,,,,,#DIV/0!,,#DIV/0!,,#DIV/0!,,#DIV/0!,,#DIV/0!,,#DIV/0!,,#DIV/0!,,#DIV/0!,,#DIV/0!,,#DIV/0!,,,,,,,,,,,,,,,,,,,,
Bullwinkel,,,,,,,,,,,,#DIV/0!,,#DIV/0!,,#DIV/0!,,#DIV/0!,,#DIV/0!,,#DIV/0!,,#DIV/0!,,#DIV/0!,,#DIV/0!,,#DIV/0!,,,,,,,#DIV/0!,,#DIV/0!,,#DIV/0!,,#DIV/0!,,#DIV/0!,,#DIV/0!,,#DIV/0!,,#DIV/0!,,#DIV/0!,,#DIV/0!,,,,,,,#DIV/0!,,#DIV/0!,,#DIV/0!,,#DIV/0!,,#DIV/0!,,#DIV/0!,,#DIV/0!,,#DIV/0!,,#DIV/0!,,#DIV/0!,,,,,,,#DIV/0!,,#DIV/0!,,#DIV/0!,,#DIV/0!,,#DIV/0!,,#DIV/0!,,#DIV/0!,,#DIV/0!,,#DIV/0!,,#DIV/0!,,,,,,,#DIV/0!,,#DIV/0!,,#DIV/0!,,#DIV/0!,,#DIV/0!,,#DIV/0!,,#DIV/0!,,#DIV/0!,,#DIV/0!,,#DIV/0!,,,,,,,#DIV/0!,,#DIV/0!,,#DIV/0!,,#DIV/0!,,#DIV/0!,,#DIV/0!,,#DIV/0!,,#DIV/0!,,#DIV/0!,,#DIV/0!,,,,,,,,,,,,,,,,,,,,
Hasluck,,,,,,,,,,,,#DIV/0!,,#DIV/0!,,#DIV/0!,,#DIV/0!,,#DIV/0!,,#DIV/0!,,#DIV/0!,,#DIV/0!,,#DIV/0!,,#DIV/0!,,,,,,,#DIV/0!,,#DIV/0!,,#DIV/0!,,#DIV/0!,,#DIV/0!,,#DIV/0!,,#DIV/0!,,#DIV/0!,,#DIV/0!,,#DIV/0!,,,,,,,#DIV/0!,,#DIV/0!,,#DIV/0!,,#DIV/0!,,#DIV/0!,,#DIV/0!,,#DIV/0!,,#DIV/0!,,#DIV/0!,,#DIV/0!,,,,,,,#DIV/0!,,#DIV/0!,,#DIV/0!,,#DIV/0!,,#DIV/0!,,#DIV/0!,,#DIV/0!,,#DIV/0!,,#DIV/0!,,#DIV/0!,,,,,,,#DIV/0!,,#DIV/0!,,#DIV/0!,,#DIV/0!,,#DIV/0!,,#DIV/0!,,#DIV/0!,,#DIV/0!,,#DIV/0!,,#DIV/0!,,,,,,,#DIV/0!,,#DIV/0!,,#DIV/0!,,#DIV/0!,,#DIV/0!,,#DIV/0!,,#DIV/0!,,#DIV/0!,,#DIV/0!,,#DIV/0!,,,,,,,,,,,,,,,,,,,,
Pearce,,,,,,,,,,,,#DIV/0!,,#DIV/0!,,#DIV/0!,,#DIV/0!,,#DIV/0!,,#DIV/0!,,#DIV/0!,,#DIV/0!,,#DIV/0!,,#DIV/0!,,,,,,,#DIV/0!,,#DIV/0!,,#DIV/0!,,#DIV/0!,,#DIV/0!,,#DIV/0!,,#DIV/0!,,#DIV/0!,,#DIV/0!,,#DIV/0!,,,,,,,#DIV/0!,,#DIV/0!,,#DIV/0!,,#DIV/0!,,#DIV/0!,,#DIV/0!,,#DIV/0!,,#DIV/0!,,#DIV/0!,,#DIV/0!,,,,,,,#DIV/0!,,#DIV/0!,,#DIV/0!,,#DIV/0!,,#DIV/0!,,#DIV/0!,,#DIV/0!,,#DIV/0!,,#DIV/0!,,#DIV/0!,,,,,,,#DIV/0!,,#DIV/0!,,#DIV/0!,,#DIV/0!,,#DIV/0!,,#DIV/0!,,#DIV/0!,,#DIV/0!,,#DIV/0!,,#DIV/0!,,,,,,,#DIV/0!,,#DIV/0!,,#DIV/0!,,#DIV/0!,,#DIV/0!,,#DIV/0!,,#DIV/0!,,#DIV/0!,,#DIV/0!,,#DIV/0!,,,,,,,,,,,,,,,,,,,,
Moore,,,,,,,,,,,,#DIV/0!,,#DIV/0!,,#DIV/0!,,#DIV/0!,,#DIV/0!,,#DIV/0!,,#DIV/0!,,#DIV/0!,,#DIV/0!,,#DIV/0!,,,,,,,#DIV/0!,,#DIV/0!,,#DIV/0!,,#DIV/0!,,#DIV/0!,,#DIV/0!,,#DIV/0!,,#DIV/0!,,#DIV/0!,,#DIV/0!,,,,,,,#DIV/0!,,#DIV/0!,,#DIV/0!,,#DIV/0!,,#DIV/0!,,#DIV/0!,,#DIV/0!,,#DIV/0!,,#DIV/0!,,#DIV/0!,,,,,,,#DIV/0!,,#DIV/0!,,#DIV/0!,,#DIV/0!,,#DIV/0!,,#DIV/0!,,#DIV/0!,,#DIV/0!,,#DIV/0!,,#DIV/0!,,,,,,,#DIV/0!,,#DIV/0!,,#DIV/0!,,#DIV/0!,,#DIV/0!,,#DIV/0!,,#DIV/0!,,#DIV/0!,,#DIV/0!,,#DIV/0!,,,,,,,#DIV/0!,,#DIV/0!,,#DIV/0!,,#DIV/0!,,#DIV/0!,,#DIV/0!,,#DIV/0!,,#DIV/0!,,#DIV/0!,,#DIV/0!,,,,,,,,,,,,,,,,,,,,
Brand,,,,,,,,,,,,#DIV/0!,,#DIV/0!,,#DIV/0!,,#DIV/0!,,#DIV/0!,,#DIV/0!,,#DIV/0!,,#DIV/0!,,#DIV/0!,,#DIV/0!,,,,,,,#DIV/0!,,#DIV/0!,,#DIV/0!,,#DIV/0!,,#DIV/0!,,#DIV/0!,,#DIV/0!,,#DIV/0!,,#DIV/0!,,#DIV/0!,,,,,,,#DIV/0!,,#DIV/0!,,#DIV/0!,,#DIV/0!,,#DIV/0!,,#DIV/0!,,#DIV/0!,,#DIV/0!,,#DIV/0!,,#DIV/0!,,,,,,,#DIV/0!,,#DIV/0!,,#DIV/0!,,#DIV/0!,,#DIV/0!,,#DIV/0!,,#DIV/0!,,#DIV/0!,,#DIV/0!,,#DIV/0!,,,,,,,#DIV/0!,,#DIV/0!,,#DIV/0!,,#DIV/0!,,#DIV/0!,,#DIV/0!,,#DIV/0!,,#DIV/0!,,#DIV/0!,,#DIV/0!,,,,,,,#DIV/0!,,#DIV/0!,,#DIV/0!,,#DIV/0!,,#DIV/0!,,#DIV/0!,,#DIV/0!,,#DIV/0!,,#DIV/0!,,#DIV/0!,,,,,,,,,,,,,,,,,,,,
Burt,,,,,,,,,,,,#DIV/0!,,#DIV/0!,,#DIV/0!,,#DIV/0!,,#DIV/0!,,#DIV/0!,,#DIV/0!,,#DIV/0!,,#DIV/0!,,#DIV/0!,,,,,,,#DIV/0!,,#DIV/0!,,#DIV/0!,,#DIV/0!,,#DIV/0!,,#DIV/0!,,#DIV/0!,,#DIV/0!,,#DIV/0!,,#DIV/0!,,,,,,,#DIV/0!,,#DIV/0!,,#DIV/0!,,#DIV/0!,,#DIV/0!,,#DIV/0!,,#DIV/0!,,#DIV/0!,,#DIV/0!,,#DIV/0!,,,,,,,#DIV/0!,,#DIV/0!,,#DIV/0!,,#DIV/0!,,#DIV/0!,,#DIV/0!,,#DIV/0!,,#DIV/0!,,#DIV/0!,,#DIV/0!,,,,,,,#DIV/0!,,#DIV/0!,,#DIV/0!,,#DIV/0!,,#DIV/0!,,#DIV/0!,,#DIV/0!,,#DIV/0!,,#DIV/0!,,#DIV/0!,,,,,,,#DIV/0!,,#DIV/0!,,#DIV/0!,,#DIV/0!,,#DIV/0!,,#DIV/0!,,#DIV/0!,,#DIV/0!,,#DIV/0!,,#DIV/0!,,,,,,,,,,,,,,,,,,,,
Canning,,,,,,,,,,,,#DIV/0!,,#DIV/0!,,#DIV/0!,,#DIV/0!,,#DIV/0!,,#DIV/0!,,#DIV/0!,,#DIV/0!,,#DIV/0!,,#DIV/0!,,,,,,,#DIV/0!,,#DIV/0!,,#DIV/0!,,#DIV/0!,,#DIV/0!,,#DIV/0!,,#DIV/0!,,#DIV/0!,,#DIV/0!,,#DIV/0!,,,,,,,#DIV/0!,,#DIV/0!,,#DIV/0!,,#DIV/0!,,#DIV/0!,,#DIV/0!,,#DIV/0!,,#DIV/0!,,#DIV/0!,,#DIV/0!,,,,,,,#DIV/0!,,#DIV/0!,,#DIV/0!,,#DIV/0!,,#DIV/0!,,#DIV/0!,,#DIV/0!,,#DIV/0!,,#DIV/0!,,#DIV/0!,,,,,,,#DIV/0!,,#DIV/0!,,#DIV/0!,,#DIV/0!,,#DIV/0!,,#DIV/0!,,#DIV/0!,,#DIV/0!,,#DIV/0!,,#DIV/0!,,,,,,,#DIV/0!,,#DIV/0!,,#DIV/0!,,#DIV/0!,,#DIV/0!,,#DIV/0!,,#DIV/0!,,#DIV/0!,,#DIV/0!,,#DIV/0!,,,,,,,,,,,,,,,,,,,,
Durack,,,,,,,,,,,,#DIV/0!,,#DIV/0!,,#DIV/0!,,#DIV/0!,,#DIV/0!,,#DIV/0!,,#DIV/0!,,#DIV/0!,,#DIV/0!,,#DIV/0!,,,,,,,#DIV/0!,,#DIV/0!,,#DIV/0!,,#DIV/0!,,#DIV/0!,,#DIV/0!,,#DIV/0!,,#DIV/0!,,#DIV/0!,,#DIV/0!,,,,,,,#DIV/0!,,#DIV/0!,,#DIV/0!,,#DIV/0!,,#DIV/0!,,#DIV/0!,,#DIV/0!,,#DIV/0!,,#DIV/0!,,#DIV/0!,,,,,,,#DIV/0!,,#DIV/0!,,#DIV/0!,,#DIV/0!,,#DIV/0!,,#DIV/0!,,#DIV/0!,,#DIV/0!,,#DIV/0!,,#DIV/0!,,,,,,,#DIV/0!,,#DIV/0!,,#DIV/0!,,#DIV/0!,,#DIV/0!,,#DIV/0!,,#DIV/0!,,#DIV/0!,,#DIV/0!,,#DIV/0!,,,,,,,#DIV/0!,,#DIV/0!,,#DIV/0!,,#DIV/0!,,#DIV/0!,,#DIV/0!,,#DIV/0!,,#DIV/0!,,#DIV/0!,,#DIV/0!,,,,,,,,,,,,,,,,,,,,
O'Connor,,,,,,,,,,,,#DIV/0!,,#DIV/0!,,#DIV/0!,,#DIV/0!,,#DIV/0!,,#DIV/0!,,#DIV/0!,,#DIV/0!,,#DIV/0!,,#DIV/0!,,,,,,,#DIV/0!,,#DIV/0!,,#DIV/0!,,#DIV/0!,,#DIV/0!,,#DIV/0!,,#DIV/0!,,#DIV/0!,,#DIV/0!,,#DIV/0!,,,,,,,#DIV/0!,,#DIV/0!,,#DIV/0!,,#DIV/0!,,#DIV/0!,,#DIV/0!,,#DIV/0!,,#DIV/0!,,#DIV/0!,,#DIV/0!,,,,,,,#DIV/0!,,#DIV/0!,,#DIV/0!,,#DIV/0!,,#DIV/0!,,#DIV/0!,,#DIV/0!,,#DIV/0!,,#DIV/0!,,#DIV/0!,,,,,,,#DIV/0!,,#DIV/0!,,#DIV/0!,,#DIV/0!,,#DIV/0!,,#DIV/0!,,#DIV/0!,,#DIV/0!,,#DIV/0!,,#DIV/0!,,,,,,,#DIV/0!,,#DIV/0!,,#DIV/0!,,#DIV/0!,,#DIV/0!,,#DIV/0!,,#DIV/0!,,#DIV/0!,,#DIV/0!,,#DIV/0!,,,,,,,,,,,,,,,,,,,,
Forrest,,,,,,,,,,,,#DIV/0!,,#DIV/0!,,#DIV/0!,,#DIV/0!,,#DIV/0!,,#DIV/0!,,#DIV/0!,,#DIV/0!,,#DIV/0!,,#DIV/0!,,,,,,,#DIV/0!,,#DIV/0!,,#DIV/0!,,#DIV/0!,,#DIV/0!,,#DIV/0!,,#DIV/0!,,#DIV/0!,,#DIV/0!,,#DIV/0!,,,,,,,#DIV/0!,,#DIV/0!,,#DIV/0!,,#DIV/0!,,#DIV/0!,,#DIV/0!,,#DIV/0!,,#DIV/0!,,#DIV/0!,,#DIV/0!,,,,,,,#DIV/0!,,#DIV/0!,,#DIV/0!,,#DIV/0!,,#DIV/0!,,#DIV/0!,,#DIV/0!,,#DIV/0!,,#DIV/0!,,#DIV/0!,,,,,,,#DIV/0!,,#DIV/0!,,#DIV/0!,,#DIV/0!,,#DIV/0!,,#DIV/0!,,#DIV/0!,,#DIV/0!,,#DIV/0!,,#DIV/0!,,,,,,,#DIV/0!,,#DIV/0!,,#DIV/0!,,#DIV/0!,,#DIV/0!,,#DIV/0!,,#DIV/0!,,#DIV/0!,,#DIV/0!,,#DIV/0!,,,,,,,,,,,,,,,,,,,,
Adelaide,,,,,,,,,,,,#DIV/0!,,#DIV/0!,,#DIV/0!,,#DIV/0!,,#DIV/0!,,#DIV/0!,,#DIV/0!,,#DIV/0!,,#DIV/0!,,#DIV/0!,,,,,,,#DIV/0!,,#DIV/0!,,#DIV/0!,,#DIV/0!,,#DIV/0!,,#DIV/0!,,#DIV/0!,,#DIV/0!,,#DIV/0!,,#DIV/0!,,,,,,,#DIV/0!,,#DIV/0!,,#DIV/0!,,#DIV/0!,,#DIV/0!,,#DIV/0!,,#DIV/0!,,#DIV/0!,,#DIV/0!,,#DIV/0!,,,,,,,#DIV/0!,,#DIV/0!,,#DIV/0!,,#DIV/0!,,#DIV/0!,,#DIV/0!,,#DIV/0!,,#DIV/0!,,#DIV/0!,,#DIV/0!,,,,,,,#DIV/0!,,#DIV/0!,,#DIV/0!,,#DIV/0!,,#DIV/0!,,#DIV/0!,,#DIV/0!,,#DIV/0!,,#DIV/0!,,#DIV/0!,,,,,,,#DIV/0!,,#DIV/0!,,#DIV/0!,,#DIV/0!,,#DIV/0!,,#DIV/0!,,#DIV/0!,,#DIV/0!,,#DIV/0!,,#DIV/0!,,,,,,,,,,,,,,,,,,,,
Hindmarsh,,,,,,,,,,,,#DIV/0!,,#DIV/0!,,#DIV/0!,,#DIV/0!,,#DIV/0!,,#DIV/0!,,#DIV/0!,,#DIV/0!,,#DIV/0!,,#DIV/0!,,,,,,,#DIV/0!,,#DIV/0!,,#DIV/0!,,#DIV/0!,,#DIV/0!,,#DIV/0!,,#DIV/0!,,#DIV/0!,,#DIV/0!,,#DIV/0!,,,,,,,#DIV/0!,,#DIV/0!,,#DIV/0!,,#DIV/0!,,#DIV/0!,,#DIV/0!,,#DIV/0!,,#DIV/0!,,#DIV/0!,,#DIV/0!,,,,,,,#DIV/0!,,#DIV/0!,,#DIV/0!,,#DIV/0!,,#DIV/0!,,#DIV/0!,,#DIV/0!,,#DIV/0!,,#DIV/0!,,#DIV/0!,,,,,,,#DIV/0!,,#DIV/0!,,#DIV/0!,,#DIV/0!,,#DIV/0!,,#DIV/0!,,#DIV/0!,,#DIV/0!,,#DIV/0!,,#DIV/0!,,,,,,,#DIV/0!,,#DIV/0!,,#DIV/0!,,#DIV/0!,,#DIV/0!,,#DIV/0!,,#DIV/0!,,#DIV/0!,,#DIV/0!,,#DIV/0!,,,,,,,,,,,,,,,,,,,,
Port Adelaide,,,,,,,,,,,,#DIV/0!,,#DIV/0!,,#DIV/0!,,#DIV/0!,,#DIV/0!,,#DIV/0!,,#DIV/0!,,#DIV/0!,,#DIV/0!,,#DIV/0!,,,,,,,#DIV/0!,,#DIV/0!,,#DIV/0!,,#DIV/0!,,#DIV/0!,,#DIV/0!,,#DIV/0!,,#DIV/0!,,#DIV/0!,,#DIV/0!,,,,,,,#DIV/0!,,#DIV/0!,,#DIV/0!,,#DIV/0!,,#DIV/0!,,#DIV/0!,,#DIV/0!,,#DIV/0!,,#DIV/0!,,#DIV/0!,,,,,,,#DIV/0!,,#DIV/0!,,#DIV/0!,,#DIV/0!,,#DIV/0!,,#DIV/0!,,#DIV/0!,,#DIV/0!,,#DIV/0!,,#DIV/0!,,,,,,,#DIV/0!,,#DIV/0!,,#DIV/0!,,#DIV/0!,,#DIV/0!,,#DIV/0!,,#DIV/0!,,#DIV/0!,,#DIV/0!,,#DIV/0!,,,,,,,#DIV/0!,,#DIV/0!,,#DIV/0!,,#DIV/0!,,#DIV/0!,,#DIV/0!,,#DIV/0!,,#DIV/0!,,#DIV/0!,,#DIV/0!,,,,,,,,,,,,,,,,,,,,
Sturt,,,,,,,,,,,,#DIV/0!,,#DIV/0!,,#DIV/0!,,#DIV/0!,,#DIV/0!,,#DIV/0!,,#DIV/0!,,#DIV/0!,,#DIV/0!,,#DIV/0!,,,,,,,#DIV/0!,,#DIV/0!,,#DIV/0!,,#DIV/0!,,#DIV/0!,,#DIV/0!,,#DIV/0!,,#DIV/0!,,#DIV/0!,,#DIV/0!,,,,,,,#DIV/0!,,#DIV/0!,,#DIV/0!,,#DIV/0!,,#DIV/0!,,#DIV/0!,,#DIV/0!,,#DIV/0!,,#DIV/0!,,#DIV/0!,,,,,,,#DIV/0!,,#DIV/0!,,#DIV/0!,,#DIV/0!,,#DIV/0!,,#DIV/0!,,#DIV/0!,,#DIV/0!,,#DIV/0!,,#DIV/0!,,,,,,,#DIV/0!,,#DIV/0!,,#DIV/0!,,#DIV/0!,,#DIV/0!,,#DIV/0!,,#DIV/0!,,#DIV/0!,,#DIV/0!,,#DIV/0!,,,,,,,#DIV/0!,,#DIV/0!,,#DIV/0!,,#DIV/0!,,#DIV/0!,,#DIV/0!,,#DIV/0!,,#DIV/0!,,#DIV/0!,,#DIV/0!,,,,,,,,,,,,,,,,,,,,
Boothby,,,,,,,,,,,,#DIV/0!,,#DIV/0!,,#DIV/0!,,#DIV/0!,,#DIV/0!,,#DIV/0!,,#DIV/0!,,#DIV/0!,,#DIV/0!,,#DIV/0!,,,,,,,#DIV/0!,,#DIV/0!,,#DIV/0!,,#DIV/0!,,#DIV/0!,,#DIV/0!,,#DIV/0!,,#DIV/0!,,#DIV/0!,,#DIV/0!,,,,,,,#DIV/0!,,#DIV/0!,,#DIV/0!,,#DIV/0!,,#DIV/0!,,#DIV/0!,,#DIV/0!,,#DIV/0!,,#DIV/0!,,#DIV/0!,,,,,,,#DIV/0!,,#DIV/0!,,#DIV/0!,,#DIV/0!,,#DIV/0!,,#DIV/0!,,#DIV/0!,,#DIV/0!,,#DIV/0!,,#DIV/0!,,,,,,,#DIV/0!,,#DIV/0!,,#DIV/0!,,#DIV/0!,,#DIV/0!,,#DIV/0!,,#DIV/0!,,#DIV/0!,,#DIV/0!,,#DIV/0!,,,,,,,#DIV/0!,,#DIV/0!,,#DIV/0!,,#DIV/0!,,#DIV/0!,,#DIV/0!,,#DIV/0!,,#DIV/0!,,#DIV/0!,,#DIV/0!,,,,,,,,,,,,,,,,,,,,
Kingston,,,,,,,,,,,,#DIV/0!,,#DIV/0!,,#DIV/0!,,#DIV/0!,,#DIV/0!,,#DIV/0!,,#DIV/0!,,#DIV/0!,,#DIV/0!,,#DIV/0!,,,,,,,#DIV/0!,,#DIV/0!,,#DIV/0!,,#DIV/0!,,#DIV/0!,,#DIV/0!,,#DIV/0!,,#DIV/0!,,#DIV/0!,,#DIV/0!,,,,,,,#DIV/0!,,#DIV/0!,,#DIV/0!,,#DIV/0!,,#DIV/0!,,#DIV/0!,,#DIV/0!,,#DIV/0!,,#DIV/0!,,#DIV/0!,,,,,,,#DIV/0!,,#DIV/0!,,#DIV/0!,,#DIV/0!,,#DIV/0!,,#DIV/0!,,#DIV/0!,,#DIV/0!,,#DIV/0!,,#DIV/0!,,,,,,,#DIV/0!,,#DIV/0!,,#DIV/0!,,#DIV/0!,,#DIV/0!,,#DIV/0!,,#DIV/0!,,#DIV/0!,,#DIV/0!,,#DIV/0!,,,,,,,#DIV/0!,,#DIV/0!,,#DIV/0!,,#DIV/0!,,#DIV/0!,,#DIV/0!,,#DIV/0!,,#DIV/0!,,#DIV/0!,,#DIV/0!,,,,,,,,,,,,,,,,,,,,
Makin,,,,,,,,,,,,#DIV/0!,,#DIV/0!,,#DIV/0!,,#DIV/0!,,#DIV/0!,,#DIV/0!,,#DIV/0!,,#DIV/0!,,#DIV/0!,,#DIV/0!,,,,,,,#DIV/0!,,#DIV/0!,,#DIV/0!,,#DIV/0!,,#DIV/0!,,#DIV/0!,,#DIV/0!,,#DIV/0!,,#DIV/0!,,#DIV/0!,,,,,,,#DIV/0!,,#DIV/0!,,#DIV/0!,,#DIV/0!,,#DIV/0!,,#DIV/0!,,#DIV/0!,,#DIV/0!,,#DIV/0!,,#DIV/0!,,,,,,,#DIV/0!,,#DIV/0!,,#DIV/0!,,#DIV/0!,,#DIV/0!,,#DIV/0!,,#DIV/0!,,#DIV/0!,,#DIV/0!,,#DIV/0!,,,,,,,#DIV/0!,,#DIV/0!,,#DIV/0!,,#DIV/0!,,#DIV/0!,,#DIV/0!,,#DIV/0!,,#DIV/0!,,#DIV/0!,,#DIV/0!,,,,,,,#DIV/0!,,#DIV/0!,,#DIV/0!,,#DIV/0!,,#DIV/0!,,#DIV/0!,,#DIV/0!,,#DIV/0!,,#DIV/0!,,#DIV/0!,,,,,,,,,,,,,,,,,,,,
Spence,,,,,,,,,,,,#DIV/0!,,#DIV/0!,,#DIV/0!,,#DIV/0!,,#DIV/0!,,#DIV/0!,,#DIV/0!,,#DIV/0!,,#DIV/0!,,#DIV/0!,,,,,,,#DIV/0!,,#DIV/0!,,#DIV/0!,,#DIV/0!,,#DIV/0!,,#DIV/0!,,#DIV/0!,,#DIV/0!,,#DIV/0!,,#DIV/0!,,,,,,,#DIV/0!,,#DIV/0!,,#DIV/0!,,#DIV/0!,,#DIV/0!,,#DIV/0!,,#DIV/0!,,#DIV/0!,,#DIV/0!,,#DIV/0!,,,,,,,#DIV/0!,,#DIV/0!,,#DIV/0!,,#DIV/0!,,#DIV/0!,,#DIV/0!,,#DIV/0!,,#DIV/0!,,#DIV/0!,,#DIV/0!,,,,,,,#DIV/0!,,#DIV/0!,,#DIV/0!,,#DIV/0!,,#DIV/0!,,#DIV/0!,,#DIV/0!,,#DIV/0!,,#DIV/0!,,#DIV/0!,,,,,,,#DIV/0!,,#DIV/0!,,#DIV/0!,,#DIV/0!,,#DIV/0!,,#DIV/0!,,#DIV/0!,,#DIV/0!,,#DIV/0!,,#DIV/0!,,,,,,,,,,,,,,,,,,,,
Barker,,,,,,,,,,,,#DIV/0!,,#DIV/0!,,#DIV/0!,,#DIV/0!,,#DIV/0!,,#DIV/0!,,#DIV/0!,,#DIV/0!,,#DIV/0!,,#DIV/0!,,,,,,,#DIV/0!,,#DIV/0!,,#DIV/0!,,#DIV/0!,,#DIV/0!,,#DIV/0!,,#DIV/0!,,#DIV/0!,,#DIV/0!,,#DIV/0!,,,,,,,#DIV/0!,,#DIV/0!,,#DIV/0!,,#DIV/0!,,#DIV/0!,,#DIV/0!,,#DIV/0!,,#DIV/0!,,#DIV/0!,,#DIV/0!,,,,,,,#DIV/0!,,#DIV/0!,,#DIV/0!,,#DIV/0!,,#DIV/0!,,#DIV/0!,,#DIV/0!,,#DIV/0!,,#DIV/0!,,#DIV/0!,,,,,,,#DIV/0!,,#DIV/0!,,#DIV/0!,,#DIV/0!,,#DIV/0!,,#DIV/0!,,#DIV/0!,,#DIV/0!,,#DIV/0!,,#DIV/0!,,,,,,,#DIV/0!,,#DIV/0!,,#DIV/0!,,#DIV/0!,,#DIV/0!,,#DIV/0!,,#DIV/0!,,#DIV/0!,,#DIV/0!,,#DIV/0!,,,,,,,,,,,,,,,,,,,,
Grey,,,,,,,,,,,,#DIV/0!,,#DIV/0!,,#DIV/0!,,#DIV/0!,,#DIV/0!,,#DIV/0!,,#DIV/0!,,#DIV/0!,,#DIV/0!,,#DIV/0!,,,,,,,#DIV/0!,,#DIV/0!,,#DIV/0!,,#DIV/0!,,#DIV/0!,,#DIV/0!,,#DIV/0!,,#DIV/0!,,#DIV/0!,,#DIV/0!,,,,,,,#DIV/0!,,#DIV/0!,,#DIV/0!,,#DIV/0!,,#DIV/0!,,#DIV/0!,,#DIV/0!,,#DIV/0!,,#DIV/0!,,#DIV/0!,,,,,,,#DIV/0!,,#DIV/0!,,#DIV/0!,,#DIV/0!,,#DIV/0!,,#DIV/0!,,#DIV/0!,,#DIV/0!,,#DIV/0!,,#DIV/0!,,,,,,,#DIV/0!,,#DIV/0!,,#DIV/0!,,#DIV/0!,,#DIV/0!,,#DIV/0!,,#DIV/0!,,#DIV/0!,,#DIV/0!,,#DIV/0!,,,,,,,#DIV/0!,,#DIV/0!,,#DIV/0!,,#DIV/0!,,#DIV/0!,,#DIV/0!,,#DIV/0!,,#DIV/0!,,#DIV/0!,,#DIV/0!,,,,,,,,,,,,,,,,,,,,
Mayo,,,,,,,,,,,,#DIV/0!,,#DIV/0!,,#DIV/0!,,#DIV/0!,,#DIV/0!,,#DIV/0!,,#DIV/0!,,#DIV/0!,,#DIV/0!,,#DIV/0!,,,,,,,#DIV/0!,,#DIV/0!,,#DIV/0!,,#DIV/0!,,#DIV/0!,,#DIV/0!,,#DIV/0!,,#DIV/0!,,#DIV/0!,,#DIV/0!,,,,,,,#DIV/0!,,#DIV/0!,,#DIV/0!,,#DIV/0!,,#DIV/0!,,#DIV/0!,,#DIV/0!,,#DIV/0!,,#DIV/0!,,#DIV/0!,,,,,,,#DIV/0!,,#DIV/0!,,#DIV/0!,,#DIV/0!,,#DIV/0!,,#DIV/0!,,#DIV/0!,,#DIV/0!,,#DIV/0!,,#DIV/0!,,,,,,,#DIV/0!,,#DIV/0!,,#DIV/0!,,#DIV/0!,,#DIV/0!,,#DIV/0!,,#DIV/0!,,#DIV/0!,,#DIV/0!,,#DIV/0!,,,,,,,#DIV/0!,,#DIV/0!,,#DIV/0!,,#DIV/0!,,#DIV/0!,,#DIV/0!,,#DIV/0!,,#DIV/0!,,#DIV/0!,,#DIV/0!,,,,,,,,,,,,,,,,,,,,
Clark,,,,,,,,,,,,#DIV/0!,,#DIV/0!,,#DIV/0!,,#DIV/0!,,#DIV/0!,,#DIV/0!,,#DIV/0!,,#DIV/0!,,#DIV/0!,,#DIV/0!,,,,,,,#DIV/0!,,#DIV/0!,,#DIV/0!,,#DIV/0!,,#DIV/0!,,#DIV/0!,,#DIV/0!,,#DIV/0!,,#DIV/0!,,#DIV/0!,,,,,,,#DIV/0!,,#DIV/0!,,#DIV/0!,,#DIV/0!,,#DIV/0!,,#DIV/0!,,#DIV/0!,,#DIV/0!,,#DIV/0!,,#DIV/0!,,,,,,,#DIV/0!,,#DIV/0!,,#DIV/0!,,#DIV/0!,,#DIV/0!,,#DIV/0!,,#DIV/0!,,#DIV/0!,,#DIV/0!,,#DIV/0!,,,,,,,#DIV/0!,,#DIV/0!,,#DIV/0!,,#DIV/0!,,#DIV/0!,,#DIV/0!,,#DIV/0!,,#DIV/0!,,#DIV/0!,,#DIV/0!,,,,,,,#DIV/0!,,#DIV/0!,,#DIV/0!,,#DIV/0!,,#DIV/0!,,#DIV/0!,,#DIV/0!,,#DIV/0!,,#DIV/0!,,#DIV/0!,,,,,,,,,,,,,,,,,,,,
Franklin,,,,,,,,,,,,#DIV/0!,,#DIV/0!,,#DIV/0!,,#DIV/0!,,#DIV/0!,,#DIV/0!,,#DIV/0!,,#DIV/0!,,#DIV/0!,,#DIV/0!,,,,,,,#DIV/0!,,#DIV/0!,,#DIV/0!,,#DIV/0!,,#DIV/0!,,#DIV/0!,,#DIV/0!,,#DIV/0!,,#DIV/0!,,#DIV/0!,,,,,,,#DIV/0!,,#DIV/0!,,#DIV/0!,,#DIV/0!,,#DIV/0!,,#DIV/0!,,#DIV/0!,,#DIV/0!,,#DIV/0!,,#DIV/0!,,,,,,,#DIV/0!,,#DIV/0!,,#DIV/0!,,#DIV/0!,,#DIV/0!,,#DIV/0!,,#DIV/0!,,#DIV/0!,,#DIV/0!,,#DIV/0!,,,,,,,#DIV/0!,,#DIV/0!,,#DIV/0!,,#DIV/0!,,#DIV/0!,,#DIV/0!,,#DIV/0!,,#DIV/0!,,#DIV/0!,,#DIV/0!,,,,,,,#DIV/0!,,#DIV/0!,,#DIV/0!,,#DIV/0!,,#DIV/0!,,#DIV/0!,,#DIV/0!,,#DIV/0!,,#DIV/0!,,#DIV/0!,,,,,,,,,,,,,,,,,,,,
Bass,,,,,,,,,,,,#DIV/0!,,#DIV/0!,,#DIV/0!,,#DIV/0!,,#DIV/0!,,#DIV/0!,,#DIV/0!,,#DIV/0!,,#DIV/0!,,#DIV/0!,,,,,,,#DIV/0!,,#DIV/0!,,#DIV/0!,,#DIV/0!,,#DIV/0!,,#DIV/0!,,#DIV/0!,,#DIV/0!,,#DIV/0!,,#DIV/0!,,,,,,,#DIV/0!,,#DIV/0!,,#DIV/0!,,#DIV/0!,,#DIV/0!,,#DIV/0!,,#DIV/0!,,#DIV/0!,,#DIV/0!,,#DIV/0!,,,,,,,#DIV/0!,,#DIV/0!,,#DIV/0!,,#DIV/0!,,#DIV/0!,,#DIV/0!,,#DIV/0!,,#DIV/0!,,#DIV/0!,,#DIV/0!,,,,,,,#DIV/0!,,#DIV/0!,,#DIV/0!,,#DIV/0!,,#DIV/0!,,#DIV/0!,,#DIV/0!,,#DIV/0!,,#DIV/0!,,#DIV/0!,,,,,,,#DIV/0!,,#DIV/0!,,#DIV/0!,,#DIV/0!,,#DIV/0!,,#DIV/0!,,#DIV/0!,,#DIV/0!,,#DIV/0!,,#DIV/0!,,,,,,,,,,,,,,,,,,,,
Braddon,,,,,,,,,,,,#DIV/0!,,#DIV/0!,,#DIV/0!,,#DIV/0!,,#DIV/0!,,#DIV/0!,,#DIV/0!,,#DIV/0!,,#DIV/0!,,#DIV/0!,,,,,,,#DIV/0!,,#DIV/0!,,#DIV/0!,,#DIV/0!,,#DIV/0!,,#DIV/0!,,#DIV/0!,,#DIV/0!,,#DIV/0!,,#DIV/0!,,,,,,,#DIV/0!,,#DIV/0!,,#DIV/0!,,#DIV/0!,,#DIV/0!,,#DIV/0!,,#DIV/0!,,#DIV/0!,,#DIV/0!,,#DIV/0!,,,,,,,#DIV/0!,,#DIV/0!,,#DIV/0!,,#DIV/0!,,#DIV/0!,,#DIV/0!,,#DIV/0!,,#DIV/0!,,#DIV/0!,,#DIV/0!,,,,,,,#DIV/0!,,#DIV/0!,,#DIV/0!,,#DIV/0!,,#DIV/0!,,#DIV/0!,,#DIV/0!,,#DIV/0!,,#DIV/0!,,#DIV/0!,,,,,,,#DIV/0!,,#DIV/0!,,#DIV/0!,,#DIV/0!,,#DIV/0!,,#DIV/0!,,#DIV/0!,,#DIV/0!,,#DIV/0!,,#DIV/0!,,,,,,,,,,,,,,,,,,,,
Lyons,,,,,,,,,,,,#DIV/0!,,#DIV/0!,,#DIV/0!,,#DIV/0!,,#DIV/0!,,#DIV/0!,,#DIV/0!,,#DIV/0!,,#DIV/0!,,#DIV/0!,,,,,,,#DIV/0!,,#DIV/0!,,#DIV/0!,,#DIV/0!,,#DIV/0!,,#DIV/0!,,#DIV/0!,,#DIV/0!,,#DIV/0!,,#DIV/0!,,,,,,,#DIV/0!,,#DIV/0!,,#DIV/0!,,#DIV/0!,,#DIV/0!,,#DIV/0!,,#DIV/0!,,#DIV/0!,,#DIV/0!,,#DIV/0!,,,,,,,#DIV/0!,,#DIV/0!,,#DIV/0!,,#DIV/0!,,#DIV/0!,,#DIV/0!,,#DIV/0!,,#DIV/0!,,#DIV/0!,,#DIV/0!,,,,,,,#DIV/0!,,#DIV/0!,,#DIV/0!,,#DIV/0!,,#DIV/0!,,#DIV/0!,,#DIV/0!,,#DIV/0!,,#DIV/0!,,#DIV/0!,,,,,,,#DIV/0!,,#DIV/0!,,#DIV/0!,,#DIV/0!,,#DIV/0!,,#DIV/0!,,#DIV/0!,,#DIV/0!,,#DIV/0!,,#DIV/0!,,,,,,,,,,,,,,,,,,,,
Bean,,,,,,,,,,,,#DIV/0!,,#DIV/0!,,#DIV/0!,,#DIV/0!,,#DIV/0!,,#DIV/0!,,#DIV/0!,,#DIV/0!,,#DIV/0!,,#DIV/0!,,,,,,,#DIV/0!,,#DIV/0!,,#DIV/0!,,#DIV/0!,,#DIV/0!,,#DIV/0!,,#DIV/0!,,#DIV/0!,,#DIV/0!,,#DIV/0!,,,,,,,#DIV/0!,,#DIV/0!,,#DIV/0!,,#DIV/0!,,#DIV/0!,,#DIV/0!,,#DIV/0!,,#DIV/0!,,#DIV/0!,,#DIV/0!,,,,,,,#DIV/0!,,#DIV/0!,,#DIV/0!,,#DIV/0!,,#DIV/0!,,#DIV/0!,,#DIV/0!,,#DIV/0!,,#DIV/0!,,#DIV/0!,,,,,,,#DIV/0!,,#DIV/0!,,#DIV/0!,,#DIV/0!,,#DIV/0!,,#DIV/0!,,#DIV/0!,,#DIV/0!,,#DIV/0!,,#DIV/0!,,,,,,,#DIV/0!,,#DIV/0!,,#DIV/0!,,#DIV/0!,,#DIV/0!,,#DIV/0!,,#DIV/0!,,#DIV/0!,,#DIV/0!,,#DIV/0!,,,,,,,,,,,,,,,,,,,,
Canberra,,,,,,,,,,,,#DIV/0!,,#DIV/0!,,#DIV/0!,,#DIV/0!,,#DIV/0!,,#DIV/0!,,#DIV/0!,,#DIV/0!,,#DIV/0!,,#DIV/0!,,,,,,,#DIV/0!,,#DIV/0!,,#DIV/0!,,#DIV/0!,,#DIV/0!,,#DIV/0!,,#DIV/0!,,#DIV/0!,,#DIV/0!,,#DIV/0!,,,,,,,#DIV/0!,,#DIV/0!,,#DIV/0!,,#DIV/0!,,#DIV/0!,,#DIV/0!,,#DIV/0!,,#DIV/0!,,#DIV/0!,,#DIV/0!,,,,,,,#DIV/0!,,#DIV/0!,,#DIV/0!,,#DIV/0!,,#DIV/0!,,#DIV/0!,,#DIV/0!,,#DIV/0!,,#DIV/0!,,#DIV/0!,,,,,,,#DIV/0!,,#DIV/0!,,#DIV/0!,,#DIV/0!,,#DIV/0!,,#DIV/0!,,#DIV/0!,,#DIV/0!,,#DIV/0!,,#DIV/0!,,,,,,,#DIV/0!,,#DIV/0!,,#DIV/0!,,#DIV/0!,,#DIV/0!,,#DIV/0!,,#DIV/0!,,#DIV/0!,,#DIV/0!,,#DIV/0!,,,,,,,,,,,,,,,,,,,,
Fenner,,,,,,,,,,,,#DIV/0!,,#DIV/0!,,#DIV/0!,,#DIV/0!,,#DIV/0!,,#DIV/0!,,#DIV/0!,,#DIV/0!,,#DIV/0!,,#DIV/0!,,,,,,,#DIV/0!,,#DIV/0!,,#DIV/0!,,#DIV/0!,,#DIV/0!,,#DIV/0!,,#DIV/0!,,#DIV/0!,,#DIV/0!,,#DIV/0!,,,,,,,#DIV/0!,,#DIV/0!,,#DIV/0!,,#DIV/0!,,#DIV/0!,,#DIV/0!,,#DIV/0!,,#DIV/0!,,#DIV/0!,,#DIV/0!,,,,,,,#DIV/0!,,#DIV/0!,,#DIV/0!,,#DIV/0!,,#DIV/0!,,#DIV/0!,,#DIV/0!,,#DIV/0!,,#DIV/0!,,#DIV/0!,,,,,,,#DIV/0!,,#DIV/0!,,#DIV/0!,,#DIV/0!,,#DIV/0!,,#DIV/0!,,#DIV/0!,,#DIV/0!,,#DIV/0!,,#DIV/0!,,,,,,,#DIV/0!,,#DIV/0!,,#DIV/0!,,#DIV/0!,,#DIV/0!,,#DIV/0!,,#DIV/0!,,#DIV/0!,,#DIV/0!,,#DIV/0!,,,,,,,,,,,,,,,,,,,,
Solomon,,,,,,,,,,,,#DIV/0!,,#DIV/0!,,#DIV/0!,,#DIV/0!,,#DIV/0!,,#DIV/0!,,#DIV/0!,,#DIV/0!,,#DIV/0!,,#DIV/0!,,,,,,,#DIV/0!,,#DIV/0!,,#DIV/0!,,#DIV/0!,,#DIV/0!,,#DIV/0!,,#DIV/0!,,#DIV/0!,,#DIV/0!,,#DIV/0!,,,,,,,#DIV/0!,,#DIV/0!,,#DIV/0!,,#DIV/0!,,#DIV/0!,,#DIV/0!,,#DIV/0!,,#DIV/0!,,#DIV/0!,,#DIV/0!,,,,,,,#DIV/0!,,#DIV/0!,,#DIV/0!,,#DIV/0!,,#DIV/0!,,#DIV/0!,,#DIV/0!,,#DIV/0!,,#DIV/0!,,#DIV/0!,,,,,,,#DIV/0!,,#DIV/0!,,#DIV/0!,,#DIV/0!,,#DIV/0!,,#DIV/0!,,#DIV/0!,,#DIV/0!,,#DIV/0!,,#DIV/0!,,,,,,,#DIV/0!,,#DIV/0!,,#DIV/0!,,#DIV/0!,,#DIV/0!,,#DIV/0!,,#DIV/0!,,#DIV/0!,,#DIV/0!,,#DIV/0!,,,,,,,,,,,,,,,,,,,,
Lingiari,,,,,,,,,,,,#DIV/0!,,#DIV/0!,,#DIV/0!,,#DIV/0!,,#DIV/0!,,#DIV/0!,,#DIV/0!,,#DIV/0!,,#DIV/0!,,#DIV/0!,,,,,,,#DIV/0!,,#DIV/0!,,#DIV/0!,,#DIV/0!,,#DIV/0!,,#DIV/0!,,#DIV/0!,,#DIV/0!,,#DIV/0!,,#DIV/0!,,,,,,,#DIV/0!,,#DIV/0!,,#DIV/0!,,#DIV/0!,,#DIV/0!,,#DIV/0!,,#DIV/0!,,#DIV/0!,,#DIV/0!,,#DIV/0!,,,,,,,#DIV/0!,,#DIV/0!,,#DIV/0!,,#DIV/0!,,#DIV/0!,,#DIV/0!,,#DIV/0!,,#DIV/0!,,#DIV/0!,,#DIV/0!,,,,,,,#DIV/0!,,#DIV/0!,,#DIV/0!,,#DIV/0!,,#DIV/0!,,#DIV/0!,,#DIV/0!,,#DIV/0!,,#DIV/0!,,#DIV/0!,,,,,,,#DIV/0!,,#DIV/0!,,#DIV/0!,,#DIV/0!,,#DIV/0!,,#DIV/0!,,#DIV/0!,,#DIV/0!,,#DIV/0!,,#DIV/0!,,,,,,,,,,,,,,,,,,,,
,,,,,,,,,,,,#DIV/0!,,#DIV/0!,,#DIV/0!,,#DIV/0!,,#DIV/0!,,#DIV/0!,,#DIV/0!,,#DIV/0!,,#DIV/0!,,#DIV/0!,,,,,,,#DIV/0!,,#DIV/0!,,#DIV/0!,,#DIV/0!,,#DIV/0!,,#DIV/0!,,#DIV/0!,,#DIV/0!,,#DIV/0!,,#DIV/0!,,,,,,,#DIV/0!,,#DIV/0!,,#DIV/0!,,#DIV/0!,,#DIV/0!,,#DIV/0!,,#DIV/0!,,#DIV/0!,,#DIV/0!,,#DIV/0!,,,,,,,#DIV/0!,,#DIV/0!,,#DIV/0!,,#DIV/0!,,#DIV/0!,,#DIV/0!,,#DIV/0!,,#DIV/0!,,#DIV/0!,,#DIV/0!,,,,,,,#DIV/0!,,#DIV/0!,,#DIV/0!,,#DIV/0!,,#DIV/0!,,#DIV/0!,,#DIV/0!,,#DIV/0!,,#DIV/0!,,#DIV/0!,,,,,,,#DIV/0!,,#DIV/0!,,#DIV/0!,,#DIV/0!,,#DIV/0!,,#DIV/0!,,#DIV/0!,,#DIV/0!,,#DIV/0!,,#DIV/0!,,,,,,,,,,,,,,,,,,,,
New South Wales,,,,,,,,,,,,#DIV/0!,,#DIV/0!,,#DIV/0!,,#DIV/0!,,#DIV/0!,,#DIV/0!,,#DIV/0!,,#DIV/0!,,#DIV/0!,,#DIV/0!,,,,,,,#DIV/0!,,#DIV/0!,,#DIV/0!,,#DIV/0!,,#DIV/0!,,#DIV/0!,,#DIV/0!,,#DIV/0!,,#DIV/0!,,#DIV/0!,,,,,,,#DIV/0!,,#DIV/0!,,#DIV/0!,,#DIV/0!,,#DIV/0!,,#DIV/0!,,#DIV/0!,,#DIV/0!,,#DIV/0!,,#DIV/0!,,,,,,,#DIV/0!,,#DIV/0!,,#DIV/0!,,#DIV/0!,,#DIV/0!,,#DIV/0!,,#DIV/0!,,#DIV/0!,,#DIV/0!,,#DIV/0!,,,,,,,#DIV/0!,,#DIV/0!,,#DIV/0!,,#DIV/0!,,#DIV/0!,,#DIV/0!,,#DIV/0!,,#DIV/0!,,#DIV/0!,,#DIV/0!,,,,,,,#DIV/0!,,#DIV/0!,,#DIV/0!,,#DIV/0!,,#DIV/0!,,#DIV/0!,,#DIV/0!,,#DIV/0!,,#DIV/0!,,#DIV/0!,,,,,,,,,,,,,,,,,,,,
Victoria,,,,,,,,,,,,#DIV/0!,,#DIV/0!,,#DIV/0!,,#DIV/0!,,#DIV/0!,,#DIV/0!,,#DIV/0!,,#DIV/0!,,#DIV/0!,,#DIV/0!,,,,,,,#DIV/0!,,#DIV/0!,,#DIV/0!,,#DIV/0!,,#DIV/0!,,#DIV/0!,,#DIV/0!,,#DIV/0!,,#DIV/0!,,#DIV/0!,,,,,,,#DIV/0!,,#DIV/0!,,#DIV/0!,,#DIV/0!,,#DIV/0!,,#DIV/0!,,#DIV/0!,,#DIV/0!,,#DIV/0!,,#DIV/0!,,,,,,,#DIV/0!,,#DIV/0!,,#DIV/0!,,#DIV/0!,,#DIV/0!,,#DIV/0!,,#DIV/0!,,#DIV/0!,,#DIV/0!,,#DIV/0!,,,,,,,#DIV/0!,,#DIV/0!,,#DIV/0!,,#DIV/0!,,#DIV/0!,,#DIV/0!,,#DIV/0!,,#DIV/0!,,#DIV/0!,,#DIV/0!,,,,,,,#DIV/0!,,#DIV/0!,,#DIV/0!,,#DIV/0!,,#DIV/0!,,#DIV/0!,,#DIV/0!,,#DIV/0!,,#DIV/0!,,#DIV/0!,,,,,,,,,,,,,,,,,,,,
Queensland,,,,,,,,,,,,#DIV/0!,,#DIV/0!,,#DIV/0!,,#DIV/0!,,#DIV/0!,,#DIV/0!,,#DIV/0!,,#DIV/0!,,#DIV/0!,,#DIV/0!,,,,,,,#DIV/0!,,#DIV/0!,,#DIV/0!,,#DIV/0!,,#DIV/0!,,#DIV/0!,,#DIV/0!,,#DIV/0!,,#DIV/0!,,#DIV/0!,,,,,,,#DIV/0!,,#DIV/0!,,#DIV/0!,,#DIV/0!,,#DIV/0!,,#DIV/0!,,#DIV/0!,,#DIV/0!,,#DIV/0!,,#DIV/0!,,,,,,,#DIV/0!,,#DIV/0!,,#DIV/0!,,#DIV/0!,,#DIV/0!,,#DIV/0!,,#DIV/0!,,#DIV/0!,,#DIV/0!,,#DIV/0!,,,,,,,#DIV/0!,,#DIV/0!,,#DIV/0!,,#DIV/0!,,#DIV/0!,,#DIV/0!,,#DIV/0!,,#DIV/0!,,#DIV/0!,,#DIV/0!,,,,,,,#DIV/0!,,#DIV/0!,,#DIV/0!,,#DIV/0!,,#DIV/0!,,#DIV/0!,,#DIV/0!,,#DIV/0!,,#DIV/0!,,#DIV/0!,,,,,,,,,,,,,,,,,,,,
Western Australia,,,,,,,,,,,,#DIV/0!,,#DIV/0!,,#DIV/0!,,#DIV/0!,,#DIV/0!,,#DIV/0!,,#DIV/0!,,#DIV/0!,,#DIV/0!,,#DIV/0!,,,,,,,#DIV/0!,,#DIV/0!,,#DIV/0!,,#DIV/0!,,#DIV/0!,,#DIV/0!,,#DIV/0!,,#DIV/0!,,#DIV/0!,,#DIV/0!,,,,,,,#DIV/0!,,#DIV/0!,,#DIV/0!,,#DIV/0!,,#DIV/0!,,#DIV/0!,,#DIV/0!,,#DIV/0!,,#DIV/0!,,#DIV/0!,,,,,,,#DIV/0!,,#DIV/0!,,#DIV/0!,,#DIV/0!,,#DIV/0!,,#DIV/0!,,#DIV/0!,,#DIV/0!,,#DIV/0!,,#DIV/0!,,,,,,,#DIV/0!,,#DIV/0!,,#DIV/0!,,#DIV/0!,,#DIV/0!,,#DIV/0!,,#DIV/0!,,#DIV/0!,,#DIV/0!,,#DIV/0!,,,,,,,#DIV/0!,,#DIV/0!,,#DIV/0!,,#DIV/0!,,#DIV/0!,,#DIV/0!,,#DIV/0!,,#DIV/0!,,#DIV/0!,,#DIV/0!,,,,,,,,,,,,,,,,,,,,
South Australia,,,,,,,,,,,,#DIV/0!,,#DIV/0!,,#DIV/0!,,#DIV/0!,,#DIV/0!,,#DIV/0!,,#DIV/0!,,#DIV/0!,,#DIV/0!,,#DIV/0!,,,,,,,#DIV/0!,,#DIV/0!,,#DIV/0!,,#DIV/0!,,#DIV/0!,,#DIV/0!,,#DIV/0!,,#DIV/0!,,#DIV/0!,,#DIV/0!,,,,,,,#DIV/0!,,#DIV/0!,,#DIV/0!,,#DIV/0!,,#DIV/0!,,#DIV/0!,,#DIV/0!,,#DIV/0!,,#DIV/0!,,#DIV/0!,,,,,,,#DIV/0!,,#DIV/0!,,#DIV/0!,,#DIV/0!,,#DIV/0!,,#DIV/0!,,#DIV/0!,,#DIV/0!,,#DIV/0!,,#DIV/0!,,,,,,,#DIV/0!,,#DIV/0!,,#DIV/0!,,#DIV/0!,,#DIV/0!,,#DIV/0!,,#DIV/0!,,#DIV/0!,,#DIV/0!,,#DIV/0!,,,,,,,#DIV/0!,,#DIV/0!,,#DIV/0!,,#DIV/0!,,#DIV/0!,,#DIV/0!,,#DIV/0!,,#DIV/0!,,#DIV/0!,,#DIV/0!,,,,,,,,,,,,,,,,,,,,
Tasmania,,,,,,,,,,,,#DIV/0!,,#DIV/0!,,#DIV/0!,,#DIV/0!,,#DIV/0!,,#DIV/0!,,#DIV/0!,,#DIV/0!,,#DIV/0!,,#DIV/0!,,,,,,,#DIV/0!,,#DIV/0!,,#DIV/0!,,#DIV/0!,,#DIV/0!,,#DIV/0!,,#DIV/0!,,#DIV/0!,,#DIV/0!,,#DIV/0!,,,,,,,#DIV/0!,,#DIV/0!,,#DIV/0!,,#DIV/0!,,#DIV/0!,,#DIV/0!,,#DIV/0!,,#DIV/0!,,#DIV/0!,,#DIV/0!,,,,,,,#DIV/0!,,#DIV/0!,,#DIV/0!,,#DIV/0!,,#DIV/0!,,#DIV/0!,,#DIV/0!,,#DIV/0!,,#DIV/0!,,#DIV/0!,,,,,,,#DIV/0!,,#DIV/0!,,#DIV/0!,,#DIV/0!,,#DIV/0!,,#DIV/0!,,#DIV/0!,,#DIV/0!,,#DIV/0!,,#DIV/0!,,,,,,,#DIV/0!,,#DIV/0!,,#DIV/0!,,#DIV/0!,,#DIV/0!,,#DIV/0!,,#DIV/0!,,#DIV/0!,,#DIV/0!,,#DIV/0!,,,,,,,,,,,,,,,,,,,,
ACT,,,,,,,,,,,,#DIV/0!,,#DIV/0!,,#DIV/0!,,#DIV/0!,,#DIV/0!,,#DIV/0!,,#DIV/0!,,#DIV/0!,,#DIV/0!,,#DIV/0!,,,,,,,#DIV/0!,,#DIV/0!,,#DIV/0!,,#DIV/0!,,#DIV/0!,,#DIV/0!,,#DIV/0!,,#DIV/0!,,#DIV/0!,,#DIV/0!,,,,,,,#DIV/0!,,#DIV/0!,,#DIV/0!,,#DIV/0!,,#DIV/0!,,#DIV/0!,,#DIV/0!,,#DIV/0!,,#DIV/0!,,#DIV/0!,,,,,,,#DIV/0!,,#DIV/0!,,#DIV/0!,,#DIV/0!,,#DIV/0!,,#DIV/0!,,#DIV/0!,,#DIV/0!,,#DIV/0!,,#DIV/0!,,,,,,,#DIV/0!,,#DIV/0!,,#DIV/0!,,#DIV/0!,,#DIV/0!,,#DIV/0!,,#DIV/0!,,#DIV/0!,,#DIV/0!,,#DIV/0!,,,,,,,#DIV/0!,,#DIV/0!,,#DIV/0!,,#DIV/0!,,#DIV/0!,,#DIV/0!,,#DIV/0!,,#DIV/0!,,#DIV/0!,,#DIV/0!,,,,,,,,,,,,,,,,,,,,
Northern Territory,,,,,,,,,,,,#DIV/0!,,#DIV/0!,,#DIV/0!,,#DIV/0!,,#DIV/0!,,#DIV/0!,,#DIV/0!,,#DIV/0!,,#DIV/0!,,#DIV/0!,,,,,,,#DIV/0!,,#DIV/0!,,#DIV/0!,,#DIV/0!,,#DIV/0!,,#DIV/0!,,#DIV/0!,,#DIV/0!,,#DIV/0!,,#DIV/0!,,,,,,,#DIV/0!,,#DIV/0!,,#DIV/0!,,#DIV/0!,,#DIV/0!,,#DIV/0!,,#DIV/0!,,#DIV/0!,,#DIV/0!,,#DIV/0!,,,,,,,#DIV/0!,,#DIV/0!,,#DIV/0!,,#DIV/0!,,#DIV/0!,,#DIV/0!,,#DIV/0!,,#DIV/0!,,#DIV/0!,,#DIV/0!,,,,,,,#DIV/0!,,#DIV/0!,,#DIV/0!,,#DIV/0!,,#DIV/0!,,#DIV/0!,,#DIV/0!,,#DIV/0!,,#DIV/0!,,#DIV/0!,,,,,,,#DIV/0!,,#DIV/0!,,#DIV/0!,,#DIV/0!,,#DIV/0!,,#DIV/0!,,#DIV/0!,,#DIV/0!,,#DIV/0!,,#DIV/0!,,,,,,,,,,,,,,,,,,,,
