INNER METRO,COWAN (WA),RAW,,,,,,,,,AliveMask,,,,,,,,"COWAN
(WA)",FULL DISTRIBUTION,,,,,,,,CURTIN (WA),RAW,,,,,,,,,AliveMask,,,,,,,,"CURTIN
(WA)",FULL DISTRIBUTION,,,,,,,,PERTH (WA),RAW,,,,,,,,,AliveMask,,,,,,,,"PERTH
(WA)",FULL DISTRIBUTION,,,,,,,,FREMANTLE (WA),RAW,,,,,,,,,AliveMask,,,,,,,,"FREMANTLE
(WA)",FULL DISTRIBUTION,,,,,,,,SWAN (WA),RAW,,,,,,,,,AliveMask,,,,,,,,"SWAN
(WA)",FULL DISTRIBUTION,,,,,,,,TANGNEY (WA),RAW,,,,,,,,,AliveMask,,,,,,,,"TANGNEY
(WA)",FULL DISTRIBUTION,,,,,,,,,,,,,,,,,,,,,,,,,,,,,,,,
,WA,ALP,LNP,GRN,ON,IND,OTH,Parties left,,,,,,,,,,,,ALP,LNP,GRN,ON,IND,OTH,,,,ALP,LNP,GRN,ON,IND,OTH,Parties left,,,,,,,,,,,,ALP,LNP,GRN,ON,IND,OTH,,,,ALP,LNP,GRN,ON,IND,OTH,Parties left,,,,,,,,,,,,ALP,LNP,GRN,ON,IND,OTH,,,,ALP,LNP,GRN,ON,IND,OTH,Parties left,,,,,,,,,,,,ALP,LNP,GRN,ON,IND,OTH,,,,ALP,LNP,GRN,ON,IND,OTH,Parties left,,,,,,,,,,,,ALP,LNP,GRN,ON,IND,OTH,,,,ALP,LNP,GRN,ON,IND,OTH,Parties left,,,,,,,,,,,,ALP,LNP,GRN,ON,IND,OTH,,,,,,,,,,,,,,,,,,,,,,,,,,,
,Primary,0.4034026914,0.1457304852,0.1237312062,0.1981884057,0.0328,0.08907470278,5,0.9929274912,,True,True,True,True,True,True,IND,,ROUND 1,0.4062760825,0.1467685067,0.1246125295,0.199600079,0.03303363064,0.08970917168,,,Primary,0.08497744808,0.2926173292,0.1023694954,0.1454089479,0.3182592389,0.01548389813,6,0.9591163576,,True,True,True,True,True,True,OTH,,ROUND 1,0.08859972766,0.3050905418,0.1067331347,0.1516072025,0.3318254729,0.0161439204,,,Primary,0.3600954699,0.1507965877,0.256843455,0.210182807,0,0.012175,5,0.9900933196,,True,True,True,True,True,True,IND,,ROUND 1,0.3636985149,0.1523054289,0.2594133805,0.2122858551,0,0.01229682067,,,Primary,0.3390471948,0.08887442965,0.1496183932,0.2119686891,0.2274,0.03003853177,6,1.046947238,,True,True,True,True,True,True,OTH,,ROUND 1,0.3238436306,0.08488911989,0.1429092009,0.2024635829,0.2172029226,0.02869154306,,,Primary,0.3592024013,0.1681269943,0.1867177249,0.1966053681,0,0.07454490232,5,0.9851973909,,True,True,True,True,True,True,IND,,ROUND 1,0.3645994241,0.1706531055,0.1895231622,0.1995593674,0,0.07566494087,,,Primary,0.3535094623,0.243013365,0.1461303466,0.1784182947,0,0.05552280343,5,0.976594272,,True,True,True,True,True,True,IND,,ROUND 1,0.3619819124,0.24883759,0.1496326067,0.1826943899,0,0.05685350101,,,,,,,,,,,,,,,,,,,,,,,,,,,
,Eliminated,0.0328,,IND,ALP+LNP+GRN+ON+OTH,5,,,,,,,,,,,,,SWING,-0.05997660884,-0.09488697845,0.01678132321,0.1489557129,-0.002507917708,-0.008365531096,,,Eliminated,0.01548389813,,OTH,ALP+LNP+GRN+ON+IND,6,,,,,,,,,,,,,SWING,-0.05972772042,-0.09772678739,0.02856363931,0.1256646122,0.009541233974,-0.006314977731,,,Eliminated,0,,IND,ALP+LNP+GRN+ON+OTH,5,,,,,,,,,,,,,SWING,-0.06682195507,-0.1085911588,0.01414492544,0.1489713678,0,0.01229682067,,,Eliminated,0.03003853177,,OTH,ALP+LNP+GRN+ON+IND,6,,,,,,,,,,,,,SWING,-0.06220356415,-0.1036353098,0.02734080767,0.1413160259,-0.01289597097,0.01007801129,,,Eliminated,0,,IND,ALP+LNP+GRN+ON+OTH,5,,,,,,,,,,,,,SWING,-0.06170297723,-0.09864888878,0.01465543729,0.1473513902,0,-0.001654961455,,,Eliminated,0,,IND,ALP+LNP+GRN+ON+OTH,5,,,,,,,,,,,,,SWING,-0.06305254982,-0.09377577505,0.01980226009,0.1419703672,0,-0.00494430242,,,,,,,,,,,,,,,,,,,,,,,,,,,
,Weights,0.1750824664,0.10098959654909921,0.41486932250697794,0.15757421974118244,0.0,0.1514843948236488,,,,,,,,,,,,ELIMINATED,INDEPENDENT,,,0.03303363064,,,,,Weights,0.2039695946,0.15371621621621623,0.24873310810810811,0.14695945945945946,0.24662162162162163,0.0,,,,,,,,,,,,ELIMINATED,OTHER,,,0.0161439204,,,,,Weights,0.4437130834,0.28199178560491983,0.1315218729578452,0.07783155123263281,0.0,0.06494170683891011,,,,,,,,,,,,ELIMINATED,INDEPENDENT,,,0,,,,,Weights,0.1493165089,0.06046267087276551,0.277602523659306,0.18874868559411145,0.323869610935857,0.0,,,,,,,,,,,,ELIMINATED,OTHER,,,0.02869154306,,,,,Weights,0.4437130834,0.28199178560491983,0.1315218729578452,0.07783155123263281,0.0,0.06494170683891011,,,,,,,,,,,,ELIMINATED,INDEPENDENT,,,0,,,,,Weights,0.4437130834,0.28199178560491983,0.1315218729578452,0.07783155123263281,0.0,0.06494170683891011,,,,,,,,,,,,ELIMINATED,INDEPENDENT,,,0,,,,,,,,,,,,,,,,,,,,,,,,,,,,,
,,,,,,,,,,,,,,,,,,,DISTRIBUTED,0.005742704897,0.003312458767,0.01360771378,0.005168434408,,0.00496868815,,,,,,,,,,,,,,,,,,,,,DISTRIBUTED,0.003158244424,0.002380126233,0.003851358107,0.002275505299,0.003818664065,,,,,,,,,,,,,,,,,,,,,,DISTRIBUTED,,,,,,,,,,,,,,,,,,,,,,,,,,,DISTRIBUTED,0.004485248698,0.00181620986,0.008338772227,0.005669733389,0.009728567598,,,,,,,,,,,,,,,,,,,,,,DISTRIBUTED,,,,,,,,,,,,,,,,,,,,,,,,,,,DISTRIBUTED,,,,,,,,,,,,,,,,,,,,,,,,,,,,,,,,,
,Round 2,0.4091453963,0.14904294393962958,0.1373389200273838,0.20335684007125462,0.0,0.0940433909305071,6,0.9929274912,,True,True,True,True,False,True,OTH,,ROUND 2,0.412059692,0.1501045598,0.1383171694,0.2048053275,,0.09471325123,,,Round 2,0.0881356925,0.29499745546516876,0.10622085349375213,0.1476844531665991,0.322077902968822,0.0,1,0.9591163576,,True,True,True,True,True,False,ALP,,ROUND 2,0.09189259656,0.3075721242,0.1107486622,0.1539797043,0.3358069127,,,,Round 2,0.3600954699,0.1507965876739244,0.2568434550302739,0.21018280698913458,0.0,0.012175000000000026,6,0.9900933196,,True,True,True,True,False,True,OTH,,ROUND 2,0.3636985149,0.1523054289,0.2594133805,0.2122858551,,0.01229682067,,,Round 2,0.3435324434,0.09069063950859317,0.15795716545159091,0.21763842244181592,0.23712856759848047,0.0,2,1.046947238,,True,True,True,True,True,False,LNP,,ROUND 2,0.3281277517,0.08662388722,0.1508740457,0.207879074,0.2264952415,,,,Round 2,0.3592024013,0.16812699430199432,0.18671772486772487,0.19660536806668172,0.0,0.07454490231990231,6,0.9851973909,,True,True,True,True,False,True,OTH,,ROUND 2,0.3645994241,0.1706531055,0.1895231622,0.1995593674,,0.07566494087,,,Round 2,0.3535094623,0.24301336504761648,0.14613034660467966,0.17841829467167647,0.0,0.05552280342550298,6,0.976594272,,True,True,True,True,False,True,OTH,,ROUND 2,0.3619819124,0.24883759,0.1496326067,0.1826943899,,0.05685350101,,,,,,,,,,,,,,,,,,,,,,,,,,,
,Eliminated,0.09404339093,,OTH,ALP+LNP+GRN+ON,6,,,,,,,,,,,,,SWING,,,,,,,,,Eliminated,0.0881356925,,ALP,LNP+GRN+ON+IND,1,,,,,,,,,,,,,SWING,,,,,,,,,Eliminated,0.012175,,OTH,ALP+LNP+GRN+ON,6,,,,,,,,,,,,,SWING,,,,,,,,,Eliminated,0.09069063951,,LNP,ALP+GRN+ON+IND,2,,,,,,,,,,,,,SWING,,,,,,,,,Eliminated,0.07454490232,,OTH,ALP+LNP+GRN+ON,6,,,,,,,,,,,,,SWING,,,,,,,,,Eliminated,0.05552280343,,OTH,ALP+LNP+GRN+ON,6,,,,,,,,,,,,,SWING,,,,,,,,,,,,,,,,,,,,,,,,,,,,,,,,,
,Weights,0.1957374083,0.2585704232431889,0.24992460038202474,0.29576756811098825,0.0,0.0,,Calibrate,,,,,,,,,,ELIMINATED,OTHER,,,0.09471325123,,,,,Weights,0,0.11674155329082786,0.40833333333333344,0.0175,0.4574251133758388,0.0,,Calibrate,,,,,,,,,,ELIMINATED,LABOR,,,0.09189259656,,,,,Weights,0.1787609835,0.21170974783117083,0.20983574219057108,0.3996935264612169,0.0,0.0,,Calibrate,,,,,,,,,,ELIMINATED,OTHER,,,0.01229682067,,,,,Weights,0.2117588483,0.0,0.0894056667039231,0.08347490779032078,0.6153605771616786,0.0,,Calibrate,,,,,,,,,,ELIMINATED,LIBERAL,,,0.08662388722,,,,,Weights,0.2608237926,0.19792077904987498,0.2754309777602316,0.2658244505856034,0.0,0.0,,Calibrate,,,,,,,,,,ELIMINATED,OTHER,,,0.07566494087,,,,,Weights,0.2167954512,0.3169558244642076,0.2249599066919376,0.24128881761189677,0.0,0.0,,Calibrate,,,,,,,,,,ELIMINATED,OTHER,,,0.05685350101,,,,,,,,,,,,,,,,,,,,,,,,,,,,,
,,,,,,,,,True,,,,,,,,,,DISTRIBUTED,0.01840780961,0.0243168394,0.0235037569,0.02781498503,,,,,,,,,,,,,True,,,,,,,,,,DISTRIBUTED,,0.01028909764,0.0359887411,0.001542374619,0.04031547913,,,,,,,,,,,,True,,,,,,,,,,DISTRIBUTED,0.002176414974,0.00257756618,0.002554750161,0.004866268685,,,,,,,,,,,,,True,,,,,,,,,,DISTRIBUTED,0.01920454538,,0.008108257089,0.00757039277,0.05580744427,,,,,,,,,,,,True,,,,,,,,,,DISTRIBUTED,0.01944308414,0.01475398514,0.02053197533,0.0198158577,,,,,,,,,,,,,True,,,,,,,,,,DISTRIBUTED,0.01203709122,0.01759827594,0.01249040468,0.01339703159,,,,,,,,,,,,,,,,,,,,,,,,,,,,,
,Round 3,0.4275532059,0.17335978333575547,0.1608426769242613,0.23117182510368167,0.0,0.0,3,0.9929274912,,True,True,True,True,False,False,GRN,,ROUND 3,0.4305986184,0.1745946052,0.1619883409,0.2328184355,,,,,Round 3,0,0.3052865531080731,0.1422095945982391,0.1492268277853628,0.36239338210345134,0.0,3,0.9591163576,,False,True,True,True,True,False,GRN,,ROUND 3,,0.3182998087,0.1482714725,0.1555878248,0.3778408941,,,,Round 3,0.3622718849,0.1533741538537689,0.2593982051914441,0.2150490756737999,0.0,0.0,2,0.9900933196,,True,True,True,True,False,False,LNP,,ROUND 3,0.3658967066,0.1549087857,0.261993693,0.2172008147,,,,,Round 3,0.3627369888,0.0,0.16606542254066184,0.22520881521224095,0.2929360118696501,0.0,3,1.046947238,,True,False,True,True,True,False,GRN,,ROUND 3,0.3464711262,,0.158618712,0.215109995,0.2798001667,,,,Round 3,0.3786454854,0.18288097944334622,0.20724970020073652,0.21642122576982722,0.0,0.0,2,0.9851973909,,True,True,True,True,False,False,LNP,,ROUND 3,0.3843346409,0.1856287696,0.2103636308,0.2196729587,,,,,Round 3,0.3655465535,0.2606116409839109,0.1586207512825556,0.19181532626071385,0.0,0.0,3,0.976594272,,True,True,True,True,False,False,GRN,,ROUND 3,0.3743074928,0.2668576383,0.162422365,0.1964125039,,,,,,,,,,,,,,,,,,,,,,,,,,,,,
,Eliminated,0.1608426769,,GRN,ALP+LNP+ON,3,,,,,,,,,,,,,SWING,,,,,,,,,Eliminated,0.1422095946,,GRN,LNP+ON+IND,3,,,,,,,,,,,,,SWING,,,,,,,,,Eliminated,0.1533741539,,LNP,ALP+GRN+ON,2,,,,,,,,,,,,,SWING,,,,,,,,,Eliminated,0.1660654225,,GRN,ALP+ON+IND,3,,,,,,,,,,,,,SWING,,,,,,,,,Eliminated,0.1828809794,,LNP,ALP+GRN+ON,2,,,,,,,,,,,,,SWING,,,,,,,,,Eliminated,0.1586207513,,GRN,ALP+LNP+ON,3,,,,,,,,,,,,,SWING,,,,,,,,,,,,,,,,,,,,,,,,,,,,,,,,,
,Weights,0.6736064169,0.2213935831496449,0.0,0.10500000000000001,0.0,0.0,,,,,,,,,,,,ELIMINATED,GREENS,,,0.1619883409,,,,,Weights,0,0.092359529930224,0.0,0.105,0.802640470069776,0.0,,,,,,,,,,,,ELIMINATED,GREENS,,,0.1482714725,,,,,Weights,0.1428571429,0.0,0.07142857142857142,0.7857142857142857,0.0,0.0,,,,,,,,,,,,ELIMINATED,LIBERAL,,,0.1549087857,,,,,Weights,0.4105281168,0.0,0.0,0.10500000000000001,0.48447188324538265,0.0,,,,,,,,,,,,ELIMINATED,GREENS,,,0.158618712,,,,,Weights,0.1428571429,0.0,0.07142857142857142,0.7857142857142857,0.0,0.0,,,,,,,,,,,,ELIMINATED,LIBERAL,,,0.1856287696,,,,,Weights,0.7089600925,0.18603990746096014,0.0,0.10500000000000001,0.0,0.0,,,,,,,,,,,,ELIMINATED,GREENS,,,0.162422365,,,,,,,,,,,,,,,,,,,,,,,,,,,,,
,,,,,,,,,,,,,,,,,,,DISTRIBUTED,0.1083446593,0.03560953657,,0.01688848108,,,,,,,,,,,,,,,,,,,,,,,DISTRIBUTED,,0.01313441131,,0.01493200743,0.1141431759,,,,,,,,,,,,,,,,,,,,,,DISTRIBUTED,0.02191059341,,0.0109552967,0.1205082637,,,,,,,,,,,,,,,,,,,,,,,DISTRIBUTED,0.06817452517,,,0.01743686937,0.080454028,,,,,,,,,,,,,,,,,,,,,,DISTRIBUTED,0.02612585421,,0.0130629271,0.1436921981,,,,,,,,,,,,,,,,,,,,,,,DISTRIBUTED,0.1124557825,0.02950978989,,0.01665517888,,,,,,,,,,,,,,,,,,,,,,,,,,,,,
,Round 4 (3CP),0.5358978651,0.2089693199033984,0.0,0.2480603061807291,0.0,0.0,2,0.9929274912,,True,True,False,True,False,False,LNP,,3CP,0.5397150042,0.2104577844,,0.2498272113,,,,,Round 4 (3CP),0,0.31842096441673423,0.0,0.16415883521817792,0.47653655796021427,0.0,4,0.9591163576,,False,True,False,True,True,False,ON,,3CP,,0.3319940922,,0.1711563294,0.4968495785,,,,Round 4 (3CP),0.3841824783,0.0,0.27035350189528473,0.33555733941604693,0.0,0.0,3,0.9900933196,,True,False,True,True,False,False,GRN,,3CP,0.3880265332,,0.2730586062,0.3389148606,,,,,Round 4 (3CP),0.430911514,0.0,0.0,0.24264568457901045,0.3733900398698648,0.0,4,1.046947238,,True,False,False,True,True,False,ON,,3CP,0.4115885674,,,0.2317649597,0.3566464729,,,,Round 4 (3CP),0.4047713397,0.0,0.22031262730383266,0.36011342390388495,0.0,0.0,3,0.9851973909,,True,False,True,True,False,False,GRN,,3CP,0.4108530366,,0.2236228286,0.3655241348,,,,,Round 4 (3CP),0.478002336,0.2901214308739055,0.0,0.20847050514538218,0.0,0.0,4,0.976594272,,True,True,False,True,False,False,ON,,3CP,0.4894584677,0.29707468,,0.2134668522,,,,,,,,,,,,,,,,,,,,,,,,,,,,,
,Eliminated ,0.2089693199,,LNP,ALP+ON,2,,,,,,,,,,,,,SWING,,,,,,,,,Eliminated ,0.1641588352,,ON,LNP+IND,4,,,,,,,,,,,,,SWING,,,,,,,,,Eliminated ,0.2703535019,,GRN,ALP+ON,3,,,,,,,,,,,,,SWING,,,,,,,,,Eliminated ,0.2426456846,,ON,ALP+IND,4,,,,,,,,,,,,,SWING,,,,,,,,,Eliminated ,0.2203126273,,GRN,ALP+ON,3,,,,,,,,,,,,,SWING,,,,,,,,,Eliminated ,0.2084705051,,ON,ALP+LNP,4,,,,,,,,,,,,,SWING,,,,,,,,,,,,,,,,,,,,,,,,,,,,,,,,,
,Weights,0.308,0.0,0.0,0.692,0.0,0.0,,,,,,,,,,,,ELIMINATED,LIBERAL,,,0.2104577844,,,,,Weights,0,0.6814413763969149,0.0,0.0,0.3185586236030851,0.0,,,,,,,,,,,,ELIMINATED,ONE NATION,,,0.1711563294,,,,,Weights,0.895,0.0,0.0,0.105,0.0,0.0,,,,,,,,,,,,ELIMINATED,GREENS,,,0.2730586062,,,,,Weights,0.1859380207,0.0,0.0,0.0,0.81406197934022,0.0,,,,,,,,,,,,ELIMINATED,ONE NATION,,,0.2317649597,,,,,Weights,0.895,0.0,0.0,0.105,0.0,0.0,,,,,,,,,,,,ELIMINATED,GREENS,,,0.2236228286,,,,,Weights,0.2711862346,0.7288137654347288,0.0,0.0,0.0,0.0,,,,,,,,,,,,ELIMINATED,ONE NATION,,,0.2134668522,,,,,,,,,,,,,,,,,,,,,,,,,,,,,
,,,,,,,,,,,,,,,,,,,DISTRIBUTED,0.05934728685,,,0.1496220331,,,,,,,,,,,,,,,,,,,,,,,DISTRIBUTED,,0.1118646226,,,0.0522942126,,,,,,,,,,,,,,,,,,,,,,DISTRIBUTED,0.2419663842,,,0.0283871177,,,,,,,,,,,,,,,,,,,,,,,DISTRIBUTED,0.04511705831,,,,0.1975286263,,,,,,,,,,,,,,,,,,,,,,DISTRIBUTED,0.1971798014,,,0.02313282587,,,,,,,,,,,,,,,,,,,,,,,DISTRIBUTED,0.05653433131,0.1519361738,,,,,,,,,,,,,,,,,,,,,,,,,,,,,,,
,Round 5 (2CP),0.595245152,0.0,0.0,0.3976823392315624,0.0,0.0,2.0,0.9929274912,,True,False,False,True,False,False,ON,,2CP,0.599485015,,,0.400514985,,,,,Round 5 (2CP),0,0.4302855870355238,0.0,0.0,0.5288307705596027,0.0,2.0,0.9591163576,,False,True,False,False,True,False,LNP,,2CP,,0.4486270968,,,0.5513729032,,,,Round 5 (2CP),0.6261488625,0.0,0.0,0.3639444571150518,0.0,0.0,2.0,0.9900933196,,True,False,False,True,False,False,ON,,2CP,0.6324139857,,,0.3675860143,,,,,Round 5 (2CP),0.4760285723,0.0,0.0,0.0,0.5709186661366168,0.0,2.0,1.046947238,,True,False,False,False,True,False,ALP,,2CP,0.4546824853,,,,0.5453175147,,,,Round 5 (2CP),0.6019511411,0.0,0.0,0.38324624977078736,0.0,0.0,2.0,0.9851973909,,True,False,False,True,False,False,ON,,2CP,0.6109954682,,,0.3890045318,,,,,Round 5 (2CP),0.5345366673,0.44205760471099154,0.0,0.0,0.0,0.0,2.0,0.976594272,,True,True,False,False,False,False,LNP,,2CP,0.5473477396,0.4526522604,,,,,,,,,,,,,,,,,,,,,,,,,,,,,,,
,,Primary row,,,,2,,,,,,,,,,,,,SWING,-0.03686160088,-0.3636533841,,0.400514985,,,,,,Primary row,,,,2,,,,,,,,,,,,,SWING,,-0.01868125263,,,0.01868125263,,,,,Primary row,,,,2,,,,,,,,,,,,,SWING,-0.03270891414,-0.3348771001,,0.3675860143,,,,,,Primary row,,,,2,,,,,,,,,,,,,SWING,-0.05217152434,,,,0.05217152434,,,,,Primary row,,,,2,,,,,,,,,,,,,SWING,-0.02890453181,-0.3601139601,,0.3890045318,,,,,,Primary row,,,,2,,,,,,,,,,,,,SWING,-0.02255226039,0.02254531479,,,,,,,,,,,,,,,,,,,,,,,,,,,,,,,
,,119.0,,,,,,,,,,,,,,,,,RESULT,LABOR RETAIN,,,,,,,,,120.0,,,,,,,,,,,,,,,,,RESULT,INDEPENDENT RETAIN,,,,,,,,,121.0,,,,,,,,,,,,,,,,,RESULT,LABOR RETAIN,,,,,,,,,122.0,,,,,,,,,,,,,,,,,RESULT,INDEPENDENT GAIN,,,,,,,,,123.0,,,,,,,,,,,,,,,,,RESULT,LABOR RETAIN,,,,,,,,,124.0,,,,,,,,,,,,,,,,,RESULT,LABOR RETAIN,,,,,,,,,,,,,,,,,,,,,,,,,,,,,,,,
,,,,,,,,,,,,,,,,,,,,,,,,,,,,,,,,,,,,,,,,,,,,,,,,,,,,,,,,,,,,,,,,,,,,,,,,,,,,,,,,,,,,,,,,,,,,,,,,,,,,,,,,,,,,,,,,,,,,,,,,,,,,,,,,,,,,,,,,,,,,,,,,,,,,,,,,,,,,,,,,,,,,,,,,,,,,,,,,,,,,,,,,,,,
OUTER METRO,BULLWINKEL (WA),RAW,,,,,,,,,AliveMask,,,,,,,,"BULLWINKEL
(WA)",FULL DISTRIBUTION,,,,,,,,HASLUCK (WA),RAW,,,,,,,,,AliveMask,,,,,,,,"HASLUCK
(WA)",FULL DISTRIBUTION,,,,,,,,PEARCE (WA),RAW,,,,,,,,,AliveMask,,,,,,,,"PEARCE
(WA)",FULL DISTRIBUTION,,,,,,,,MOORE (WA),RAW,,,,,,,,,AliveMask,,,,,,,,"MOORE
(WA)",FULL DISTRIBUTION,,,,,,,,BRAND (WA),RAW,,,,,,,,,AliveMask,,,,,,,,"BRAND
(WA)",FULL DISTRIBUTION,,,,,,,,BURT (WA),RAW,,,,,,,,,AliveMask,,,,,,,,"BURT
(WA)",FULL DISTRIBUTION,,,,,,,,CANNING (WA),RAW,,,,,,,,,AliveMask,,,,,,,,"CANNING
(WA)",FULL DISTRIBUTION,,,,,
,,ALP,LNP,GRN,ON,IND,OTH,Parties left,,,,,,,,,,,,ALP,LNP,GRN,ON,IND,OTH,,,,ALP,LNP,GRN,ON,IND,OTH,Parties left,,,,,,,,,,,,ALP,LNP,GRN,ON,IND,OTH,,,,ALP,LNP,GRN,ON,IND,OTH,Parties left,,,,,,,,,,,,ALP,LNP,GRN,ON,IND,OTH,,,,ALP,LNP,GRN,ON,IND,OTH,Parties left,,,,,,,,,,,,ALP,LNP,GRN,ON,IND,OTH,,,,ALP,LNP,GRN,ON,IND,OTH,Parties left,,,,,,,,,,,,ALP,LNP,GRN,ON,IND,OTH,,,,ALP,LNP,GRN,ON,IND,OTH,Parties left,,,,,,,,,,,,ALP,LNP,GRN,ON,IND,OTH,,,,ALP,LNP,GRN,ON,IND,OTH,Parties left,,,,,,,,,,,,ALP,LNP,GRN,ON,IND,OTH
,Primary,0.2700853684,0.2506991592,0.1301538103,0.2433471675,0,0.1075486586,5,1.001834164,,True,True,True,True,False,True,IND,,ROUND 1,0.2695908945,0.2502401777,0.1299155239,0.242901646,0,0.1073517578,,,Primary,0.4111178201,0.1286634711,0.1399414085,0.2270519021,0,0.09014471303,5,0.9969193148,,True,True,True,True,False,True,IND,,ROUND 1,0.4123882585,0.1290610676,0.1403738562,0.2277535391,0,0.09042327869,,,Primary,0.345845792,0.1763293232,0.1349629015,0.250952978,0,0.09558001488,5,1.00367101,,True,True,True,True,False,True,IND,,ROUND 1,0.3445808325,0.1756843841,0.1344692636,0.2500350967,0,0.09523042309,,,Primary,0.2629120866,0.2274509861,0.1365193514,0.1934076251,0.16,0.04286539425,6,1.023155443,,True,True,True,True,True,False,OTH,,ROUND 1,0.2569620172,0.2223034511,0.1334297269,0.1890305391,0.1563789755,0.04189529022,,,Primary,0.4100056529,0.08931933487,0.1453339695,0.2803181674,0,0.08037619625,5,1.005353321,,True,True,True,True,False,True,IND,,ROUND 1,0.4078224485,0.08884372589,0.1445600929,0.2788255249,0,0.07994820784,,,Primary,0.4142725798,0.09256903897,0.1278385641,0.2570915306,0.0191,0.09643140611,5,1.00730312,,True,True,True,True,False,True,IND,,ROUND 1,0.4112690329,0.09189789764,0.1269117126,0.2552275731,0.01896152174,0.09573226195,,,Primary,0.2510951777,0.309914027,0.1054935646,0.2673004517,0,0.0702807262,5,1.004083947,,True,True,True,True,False,True,IND,,ROUND 1,0.2500738891,0.3086535024,0.1050644868,0.2662132508,0,0.06999487084
,Eliminated,0,,IND,ALP+LNP+GRN+ON+OTH,5,,,,,,,,,,,,,SWING,-0.04986947391,-0.1200598223,0.01786171363,0.1568070959,0,-0.004648242162,,,Eliminated,0,,IND,ALP+LNP+GRN+ON+OTH,5,,,,,,,,,,,,,SWING,-0.0711545616,-0.09252740348,0.01570744766,0.1539709518,0,-0.005996434345,,,Eliminated,0,,IND,ALP+LNP+GRN+ON+OTH,5,,,,,,,,,,,,,SWING,-0.05608995954,-0.1095449391,0.01580636204,0.1573781284,0,-0.007549591796,,,Eliminated,0.04286539425,,OTH,ALP+LNP+GRN+ON+IND,6,,,,,,,,,,,,,SWING,-0.06815006946,-0.09214753499,0.0222603755,0.1437278818,-0.0063455488,0.0006548959761,,,Eliminated,0,,IND,ALP+LNP+GRN+ON+OTH,5,,,,,,,,,,,,,SWING,-0.05078320442,-0.108100609,0.01222612344,0.1513106784,0,-0.004652988409,,,Eliminated,0.0191,,IND,ALP+LNP+GRN+ON+OTH,5,,,,,,,,,,,,,SWING,-0.05607854692,-0.09939614133,0.01204814859,0.1560493299,-0.002823646108,-0.009799144156,,,Eliminated,0,,IND,ALP+LNP+GRN+ON+OTH,5,,,,,,,,,,,,,SWING,-0.04897128856,-0.1165355246,0.01597092218,0.1520717463,0,-0.002535855358
,Weights,0.4437130834,0.28199178560491983,0.1315218729578452,0.07783155123263281,0.0,0.06494170683891011,,,,,,,,,,,,ELIMINATED,INDEPENDENT,,,0,,,,,Weights,0.4437130834,0.28199178560491983,0.1315218729578452,0.07783155123263281,0.0,0.06494170683891011,,,,,,,,,,,,ELIMINATED,INDEPENDENT,,,0,,,,,Weights,0.4437130834,0.28199178560491983,0.1315218729578452,0.07783155123263281,0.0,0.06494170683891011,,,,,,,,,,,,ELIMINATED,INDEPENDENT,,,0,,,,,Weights,0.1636106195,0.24467256637168142,0.18654867256637167,0.14279646017699116,0.2623716814159292,0.0,,,,,,,,,,,,ELIMINATED,OTHER,,,0.04189529022,,,,,Weights,0.4437130834,0.28199178560491983,0.1315218729578452,0.07783155123263281,0.0,0.06494170683891011,,,,,,,,,,,,ELIMINATED,INDEPENDENT,,,0,,,,,Weights,0.2423255814,0.10558139534883722,0.15813953488372096,0.12976744186046515,0.0,0.36418604651162795,,,,,,,,,,,,ELIMINATED,INDEPENDENT,,,0.01896152174,,,,,Weights,0.4437130834,0.28199178560491983,0.1315218729578452,0.07783155123263281,0.0,0.06494170683891011,,,,,,,,,,,,ELIMINATED,INDEPENDENT,,,0,,
,,,,,,,,,,,,,,,,,,,DISTRIBUTED,,,,,,,,,,,,,,,,,,,,,,,,,,,DISTRIBUTED,,,,,,,,,,,,,,,,,,,,,,,,,,,DISTRIBUTED,,,,,,,,,,,,,,,,,,,,,,,,,,,DISTRIBUTED,0.007013233706,0.01048798602,0.007996482396,0.006121026562,0.01124666556,,,,,,,,,,,,,,,,,,,,,,DISTRIBUTED,,,,,,,,,,,,,,,,,,,,,,,,,,,DISTRIBUTED,0.004628418605,0.002016604651,0.003020465116,0.00247855814,,0.006955953488,,,,,,,,,,,,,,,,,,,,,DISTRIBUTED,,,,,,
,Round 2,0.2700853684,0.2506991592142475,0.13015381028816023,0.24334716749141772,0.0,0.10754865856454941,6,1.001834164,,True,True,True,True,False,True,OTH,,ROUND 2,0.2695908945,0.2502401777,0.1299155239,0.242901646,,0.1073517578,,,Round 2,0.4111178201,0.12866347107827236,0.13994140851482456,0.22705190213022958,0.0,0.09014471303283061,6,0.9969193148,,True,True,True,True,False,True,OTH,,ROUND 2,0.4123882585,0.1290610676,0.1403738562,0.2277535391,,0.09042327869,,,Round 2,0.345845792,0.17632932319329614,0.13496290153221943,0.25095297797578886,0.0,0.09558001488383475,6,1.00367101,,True,True,True,True,False,True,OTH,,ROUND 2,0.3445808325,0.1756843841,0.1344692636,0.2500350967,,0.09523042309,,,Round 2,0.2699253203,0.2379389721001665,0.1445158338374371,0.19952865161633404,0.17124666556273263,0.0,3,1.023155443,,True,True,True,True,True,False,GRN,,ROUND 2,0.2638165316,0.2325540793,0.1412452377,0.1950130382,0.1673711132,,,,Round 2,0.4100056529,0.08931933486507523,0.14533396948599578,0.2803181673914306,0.0,0.0803761962513194,6,1.005353321,,True,True,True,True,False,True,OTH,,ROUND 2,0.4078224485,0.08884372589,0.1445600929,0.2788255249,,0.07994820784,,,Round 2,0.4189009984,0.09458564362128166,0.13085902916973888,0.25957008875893955,0.0,0.10338735959429869,2,1.00730312,,True,True,True,True,False,True,LNP,,ROUND 2,0.4158638947,0.09389988156,0.1299102789,0.2576881613,,0.1026377836,,,Round 2,0.2510951777,0.3099140269953402,0.10549356463679992,0.2673004516794358,0.0,0.07028072620147643,6,1.004083947,,True,True,True,True,False,True,OTH,,ROUND 2,0.2500738891,0.3086535024,0.1050644868,0.2662132508,,0.06999487084
,Eliminated,0.1075486586,,OTH,ALP+LNP+GRN+ON,6,,,,,,,,,,,,,SWING,,,,,,,,,Eliminated,0.09014471303,,OTH,ALP+LNP+GRN+ON,6,,,,,,,,,,,,,SWING,,,,,,,,,Eliminated,0.09558001488,,OTH,ALP+LNP+GRN+ON,6,,,,,,,,,,,,,SWING,,,,,,,,,Eliminated,0.1445158338,,GRN,ALP+LNP+ON+IND,3,,,,,,,,,,,,,SWING,,,,,,,,,Eliminated,0.08037619625,,OTH,ALP+LNP+GRN+ON,6,,,,,,,,,,,,,SWING,,,,,,,,,Eliminated,0.09458564362,,LNP,ALP+GRN+ON+OTH,2,,,,,,,,,,,,,SWING,,,,,,,,,Eliminated,0.0702807262,,OTH,ALP+LNP+GRN+ON,6,,,,,,,,,,,,,SWING,,,,,,
,Weights,0.1573283425,0.2725464966662768,0.2085624049596444,0.36156275587788045,0.0,0.0,,Calibrate,,,,,,,,,,ELIMINATED,OTHER,,,0.1073517578,,,,,Weights,0.2238141756,0.20015195918810377,0.24725930750027136,0.32877455769022035,0.0,0.0,,Calibrate,,,,,,,,,,ELIMINATED,OTHER,,,0.09042327869,,,,,Weights,0.1804205515,0.2424122197976592,0.30053560801428286,0.27663162071017655,0.0,0.0,,Calibrate,,,,,,,,,,ELIMINATED,OTHER,,,0.09523042309,,,,,Weights,0.6544578313,0.09933734939759038,0.0,0.105,0.14120481927710843,0.0,,Calibrate,,,,,,,,,,ELIMINATED,GREENS,,,0.1412452377,,,,,Weights,0.268178954,0.12665406427221174,0.327536231884058,0.2776307498424701,0.0,0.0,,Calibrate,,,,,,,,,,ELIMINATED,OTHER,,,0.07994820784,,,,,Weights,0.1176470588,0.0,0.058823529411764705,0.6470588235294118,0.0,0.1764705882352941,,Calibrate,,,,,,,,,,ELIMINATED,LIBERAL,,,0.09389988156,,,,,Weights,0.2183561644,0.16534246575342465,0.306986301369863,0.30931506849315066,0.0,0.0,,Calibrate,,,,,,,,,,ELIMINATED,OTHER,,,0.06999487084,,
,,,,,,,,,True,,,,,,,,,,DISTRIBUTED,0.01692045219,0.02931201011,0.02243060688,0.03888558938,,,,,,,,,,,,,True,,,,,,,,,,DISTRIBUTED,0.02017566463,0.01804264092,0.02228911932,0.02963728816,,,,,,,,,,,,,True,,,,,,,,,,DISTRIBUTED,0.017244599,0.02316976358,0.02872519789,0.02644045442,,,,,,,,,,,,,True,,,,,,,,,,DISTRIBUTED,0.09457951921,0.01435581988,,0.01517416255,0.0204063322,,,,,,,,,,,,True,,,,,,,,,,DISTRIBUTED,0.02155520424,0.01017997193,0.02632611645,0.02231490363,,,,,,,,,,,,,True,,,,,,,,,,DISTRIBUTED,0.01112772278,,0.005563861389,0.06120247528,,0.01669158417,,,,,,,,,,,True,,,,,,,,,,DISTRIBUTED,0.0153462298,0.01162038857,0.02157522019,0.02173888764,,
,Round 3,0.2870058206,0.280011169327173,0.1525844171685663,0.28223275687298544,0.0,0.0,3,1.001834164,,True,True,True,True,False,False,GRN,,ROUND 3,0.2864803686,0.2794985232,0.1523050647,0.2817160435,,,,,Round 3,0.4312934847,0.14670611200224282,0.16223052783413294,0.2566891902857103,0.0,0.0,2,0.9969193148,,True,True,True,True,False,False,LNP,,ROUND 3,0.43262627,0.147159464,0.1627318534,0.2574824125,,,,,Round 3,0.363090391,0.19949908676957984,0.16368809941934692,0.2773934324006069,0.0,0.0,3,1.00367101,,True,True,True,True,False,False,GRN,,ROUND 3,0.3617623579,0.1987694024,0.1630893967,0.276378843,,,,,Round 3,0.3645048395,0.2522947919795601,0.0,0.21470281416926493,0.19165299776242856,0.0,5,1.023155443,,True,True,False,True,True,False,IND,,ROUND 3,0.3562555835,0.2465850068,,0.2098437882,0.1873156215,,,,Round 3,0.4315608571,0.09949930679104574,0.1716600859393265,0.30263307102617,0.0,0.0,2,1.005353321,,True,True,True,True,False,False,LNP,,ROUND 3,0.4292628752,0.09896949135,0.1707460277,0.3010216058,,,,,Round 3,0.4300287212,0.0,0.13642289055922605,0.3207725640432983,0.0,0.12007894376276015,6,1.00730312,,True,False,True,True,False,True,OTH,,ROUND 3,0.4269109396,,0.1354338013,0.3184469082,,0.1192083509,,,Round 3,0.2664414075,0.32153441556043366,0.1270687848309792,0.2890393393181938,0.0,0.0,3,1.004083947,,True,True,True,True,False,False,GRN,,ROUND 3,0.2653577007,0.3202266269,0.1265519533,0.2878637191,,
,Eliminated,0.1525844172,,GRN,ALP+LNP+ON,3,,,,,,,,,,,,,SWING,,,,,,,,,Eliminated,0.146706112,,LNP,ALP+GRN+ON,2,,,,,,,,,,,,,SWING,,,,,,,,,Eliminated,0.1636880994,,GRN,ALP+LNP+ON,3,,,,,,,,,,,,,SWING,,,,,,,,,Eliminated,0.1916529978,,IND,ALP+LNP+ON,5,,,,,,,,,,,,,SWING,,,,,,,,,Eliminated,0.09949930679,,LNP,ALP+GRN+ON,2,,,,,,,,,,,,,SWING,,,,,,,,,Eliminated,0.1200789438,,OTH,ALP+GRN+ON,6,,,,,,,,,,,,,SWING,,,,,,,,,Eliminated,0.1270687848,,GRN,ALP+LNP+ON,3,,,,,,,,,,,,,SWING,,,,,,
,Weights,0.6157019952,0.2792980048205678,0.0,0.10500000000000001,0.0,0.0,,,,,,,,,,,,ELIMINATED,GREENS,,,0.1523050647,,,,,Weights,0.1428571429,0.0,0.07142857142857142,0.7857142857142857,0.0,0.0,,,,,,,,,,,,ELIMINATED,LIBERAL,,,0.147159464,,,,,Weights,0.614786442,0.2802135579937304,0.0,0.10500000000000001,0.0,0.0,,,,,,,,,,,,ELIMINATED,GREENS,,,0.1630893967,,,,,Weights,0.4012482556,0.48081475992022227,0.0,0.11793698451743596,0.0,0.0,,,,,,,,,,,,ELIMINATED,INDEPENDENT,,,0.1873156215,,,,,Weights,0.1428571429,0.0,0.07142857142857142,0.7857142857142857,0.0,0.0,,,,,,,,,,,,ELIMINATED,LIBERAL,,,0.09896949135,,,,,Weights,0.309865276,0.0,0.2529335071707953,0.43720121686223384,0.0,0.0,,,,,,,,,,,,ELIMINATED,OTHER,,,0.1192083509,,,,,Weights,0.687723055,0.1273197715917202,0.0,0.18495717344753748,0.0,0.0,,,,,,,,,,,,ELIMINATED,GREENS,,,0.1265519533,,
,,,,,,,,,,,,,,,,,,,DISTRIBUTED,0.09394653008,0.04261652328,,0.0160213638,,,,,,,,,,,,,,,,,,,,,,,DISTRIBUTED,0.020958016,,0.010479008,0.115269088,,,,,,,,,,,,,,,,,,,,,,,DISTRIBUTED,0.1006332242,0.04586762474,,0.01718725044,,,,,,,,,,,,,,,,,,,,,,,DISTRIBUTED,0.07690043103,0.09214959011,,0.02260297663,,,,,,,,,,,,,,,,,,,,,,,DISTRIBUTED,0.01421418668,,0.007107093342,0.07817802676,,,,,,,,,,,,,,,,,,,,,,,DISTRIBUTED,0.03720829505,,0.03037198838,0.05249866033,,,,,,,,,,,,,,,,,,,,,,,DISTRIBUTED,0.08738813289,0.01617836866,,0.02350228328,,
,Round 4 (3CP),0.3809523507,0.32262769260906277,0.0,0.2982541206756849,0.0,0.0,4,1.001834164,,True,True,False,True,False,False,ON,,3CP,0.3802549009,0.3220370239,,0.2977080752,,,,,Round 4 (3CP),0.4522515007,0.0,0.17270953583429313,0.3719582782874725,0.0,0.0,3,0.9969193148,,True,False,True,True,False,False,GRN,,3CP,0.4536490506,,0.1732432437,0.3731077057,,,,,Round 4 (3CP),0.4637236152,0.2453667115091065,0.0,0.2945806828396383,0.0,0.0,2,1.00367101,,True,True,False,True,False,False,LNP,,3CP,0.4620275078,0.2444692625,,0.2935032297,,,,,Round 4 (3CP),0.4414052706,0.3444443820866931,0.0,0.23730579079909264,0.0,0.0,4,1.023155443,,True,True,False,True,False,False,ON,,3CP,0.4314156499,0.3366491224,,0.2319352277,,,,,Round 4 (3CP),0.4457750438,0.0,0.17876717928154404,0.38081109779056305,0.0,0.0,3,1.005353321,,True,False,True,True,False,False,GRN,,3CP,0.443401374,,0.177815277,0.378783349,,,,,Round 4 (3CP),0.4672370163,0.0,0.16679487894250566,0.37327122437590876,0.0,0.0,3,1.00730312,,True,False,True,True,False,False,GRN,,3CP,0.4638494681,,0.1655855876,0.3705649443,,,,,Round 4 (3CP),0.3538295404,0.3377127842215514,0.0,0.312541622593945,0.0,0.0,4,1.004083947,,True,True,False,True,False,False,ON,,3CP,0.3523903966,0.3363391927,,0.3112704107,,
,Eliminated ,0.2982541207,,ON,ALP+LNP,4,,,,,,,,,,,,,SWING,,,,,,,,,Eliminated ,0.1727095358,,GRN,ALP+ON,3,,,,,,,,,,,,,SWING,,,,,,,,,Eliminated ,0.2453667115,,LNP,ALP+ON,2,,,,,,,,,,,,,SWING,,,,,,,,,Eliminated ,0.2373057908,,ON,ALP+LNP,4,,,,,,,,,,,,,SWING,,,,,,,,,Eliminated ,0.1787671793,,GRN,ALP+ON,3,,,,,,,,,,,,,SWING,,,,,,,,,Eliminated ,0.1667948789,,GRN,ALP+ON,3,,,,,,,,,,,,,SWING,,,,,,,,,Eliminated ,0.3125416226,,ON,ALP+LNP,4,,,,,,,,,,,,,SWING,,,,,,
,Weights,0.2595933884,0.7404066116399778,0.0,0.0,0.0,0.0,,,,,,,,,,,,ELIMINATED,ONE NATION,,,0.2977080752,,,,,Weights,0.895,0.0,0.0,0.105,0.0,0.0,,,,,,,,,,,,ELIMINATED,GREENS,,,0.1732432437,,,,,Weights,0.308,0.0,0.0,0.692,0.0,0.0,,,,,,,,,,,,ELIMINATED,LIBERAL,,,0.2444692625,,,,,Weights,0.2604526333,0.7395473666904835,0.0,0.0,0.0,0.0,,,,,,,,,,,,ELIMINATED,ONE NATION,,,0.2319352277,,,,,Weights,0.895,0.0,0.0,0.105,0.0,0.0,,,,,,,,,,,,ELIMINATED,GREENS,,,0.177815277,,,,,Weights,0.8578073623,0.0,0.0,0.14219263774159918,0.0,0.0,,,,,,,,,,,,ELIMINATED,GREENS,,,0.1655855876,,,,,Weights,0.2748347812,0.7251652188302697,0.0,0.0,0.0,0.0,,,,,,,,,,,,ELIMINATED,ONE NATION,,,0.3112704107,,
,,,,,,,,,,,,,,,,,,,DISTRIBUTED,0.07742479778,0.2208293229,,,,,,,,,,,,,,,,,,,,,,,,,DISTRIBUTED,0.1545750346,,,0.01813450126,,,,,,,,,,,,,,,,,,,,,,,DISTRIBUTED,0.06968414607,,,0.1756825654,,,,,,,,,,,,,,,,,,,,,,,DISTRIBUTED,0.06180691811,0.1754988727,,,,,,,,,,,,,,,,,,,,,,,,,DISTRIBUTED,0.1599966255,,,0.01877055382,,,,,,,,,,,,,,,,,,,,,,,DISTRIBUTED,0.1430778751,,,0.0237170038,,,,,,,,,,,,,,,,,,,,,,,DISTRIBUTED,0.08891664951,0.2236249731,,,,
,Round 5 (2CP),0.4583771485,0.5434570155062077,0.0,0.0,0.0,0.0,2.0,1.001834164,,True,True,False,False,False,False,ALP,,2CP,0.4575379488,0.5424620512,,,,,,,Round 5 (2CP),0.6068265353,0.0,0.0,0.3900927795500733,0.0,0.0,2.0,0.9969193148,,True,False,False,True,False,False,ON,,2CP,0.6087017537,,,0.3912982463,,,,,Round 5 (2CP),0.5334077613,0.0,0.0,0.47026324828015853,0.0,0.0,2.0,1.00367101,,True,False,False,True,False,False,ON,,2CP,0.5314567784,,,0.4685432216,,,,,Round 5 (2CP),0.5032121887,0.5199432547725649,0.0,0.0,0.0,0.0,2.0,1.023155443,,True,True,False,False,False,False,ALP,,2CP,0.4918237907,0.5081762093,,,,,,,Round 5 (2CP),0.6057716693,0.0,0.0,0.39958165161512516,0.0,0.0,2.0,1.005353321,,True,False,False,True,False,False,ON,,2CP,0.6025460469,,,0.3974539531,,,,,Round 5 (2CP),0.6103148914,0.0,0.0,0.3969882281745344,0.0,0.0,2.0,1.00730312,,True,False,False,True,False,False,ON,,2CP,0.6058900042,,,0.3941099958,,,,,Round 5 (2CP),0.4427461899,0.5613377573082652,0.0,0.0,0.0,0.0,2.0,1.004083947,,True,True,False,False,False,False,ALP,,2CP,0.4409453922,0.5590546078,,,,
,,Primary row,,,,2,,,,,,,,,,,,,SWING,-0.04756205115,0.04755453759,,,,,,,,Primary row,,,,2,,,,,,,,,,,,,SWING,-0.05099824626,-0.3402580821,,0.3912982463,,,,,,Primary row,,,,2,,,,,,,,,,,,,SWING,-0.03294322162,-0.4356376092,,0.4685432216,,,,,,Primary row,,,,2,,,,,,,,,,,,,SWING,-0.03707620929,0.03703793323,,,,,,,,Primary row,,,,2,,,,,,,,,,,,,SWING,-0.06665395307,-0.3308029384,,0.3974539531,,,,,,Primary row,,,,2,,,,,,,,,,,,,SWING,-0.05120999575,-0.3429492051,,0.3941099958,,,,,,Primary row,,,,2,,,,,,,,,,,,,SWING,0.006445392199,-0.006456535105,,,,
,,125.0,,,,,,,,,,,,,,,,,RESULT,LIBERAL GAIN,,,,,,,,,126.0,,,,,,,,,,,,,,,,,RESULT,LABOR RETAIN,,,,,,,,,127.0,,,,,,,,,,,,,,,,,RESULT,LABOR RETAIN,,,,,,,,,128.0,,,,,,,,,,,,,,,,,RESULT,LIBERAL GAIN,,,,,,,,,129.0,,,,,,,,,,,,,,,,,RESULT,LABOR RETAIN,,,,,,,,,130.0,,,,,,,,,,,,,,,,,RESULT,LABOR RETAIN,,,,,,,,,131.0,,,,,,,,,,,,,,,,,RESULT,LIBERAL RETAIN,,,,,
,,,,,,,,,,,,,,,,,,,,,,,,,,,,,,,,,,,,,,,,,,,,,,,,,,,,,,,,,,,,,,,,,,,,,,,,,,,,,,,,,,,,,,,,,,,,,,,,,,,,,,,,,,,,,,,,,,,,,,,,,,,,,,,,,,,,,,,,,,,,,,,,,,,,,,,,,,,,,,,,,,,,,,,,,,,,,,,,,,,,,,,,,,,
PROVINCIAL,,,,,,,,,,,,,,,,,,,,,,,,,,,,,,,,,,,,,,,,,,,,,,,,,,,,,,,,,,,,,,,,,,,,,,,,,,,,,,,,,,,,,,,,,,,,,,,,,,,,,,,,,,,,,,,,,,,,,,,,,,,,,,,,,,,,,,,,,,,,,,,,,,,,,,,,,,,,,,,,,,,,,,,,,,,,,,,,,,,,,,,,,,,
,,,,,,,,,,,,,,,,,,,,,,,,,,,,,,,,,,,,,,,,,,,,,,,,,,,,,,,,,,,,,,,,,,,,,,,,,,,,,,,,,,,,,,,,,,,,,,,,,,,,,,,,,,,,,,,,,,,,,,,,,,,,,,,,,,,,,,,,,,,,,,,,,,,,,,,,,,,,,,,,,,,,,,,,,,,,,,,,,,,,,,,,,,,
,,,,,,,,,,,,,,,,,,,,,,,,,,,,,,,,,,,,,,,,,,,,,,,,,,,,,,,,,,,,,,,,,,,,,,,,,,,,,,,,,,,,,,,,,,,,,,,,,,,,,,,,,,,,,,,,,,,,,,,,,,,,,,,,,,,,,,,,,,,,,,,,,,,,,,,,,,,,,,,,,,,,,,,,,,,,,,,,,,,,,,,,,,,
,,,,,,,,,,,,,,,,,,,,,,,,,,,,,,,,,,,,,,,,,,,,,,,,,,,,,,,,,,,,,,,,,,,,,,,,,,,,,,,,,,,,,,,,,,,,,,,,,,,,,,,,,,,,,,,,,,,,,,,,,,,,,,,,,,,,,,,,,,,,,,,,,,,,,,,,,,,,,,,,,,,,,,,,,,,,,,,,,,,,,,,,,,,
,,,,,,,,,,,,,,,,,,,,,,,,,,,,,,,,,,,,,,,,,,,,,,,,,,,,,,,,,,,,,,,,,,,,,,,,,,,,,,,,,,,,,,,,,,,,,,,,,,,,,,,,,,,,,,,,,,,,,,,,,,,,,,,,,,,,,,,,,,,,,,,,,,,,,,,,,,,,,,,,,,,,,,,,,,,,,,,,,,,,,,,,,,,
,,,,,,,,,,,,,,,,,,,,,,,,,,,,,,,,,,,,,,,,,,,,,,,,,,,,,,,,,,,,,,,,,,,,,,,,,,,,,,,,,,,,,,,,,,,,,,,,,,,,,,,,,,,,,,,,,,,,,,,,,,,,,,,,,,,,,,,,,,,,,,,,,,,,,,,,,,,,,,,,,,,,,,,,,,,,,,,,,,,,,,,,,,,
,,,,,,,,,,,,,,,,,,,,,,,,,,,,,,,,,,,,,,,,,,,,,,,,,,,,,,,,,,,,,,,,,,,,,,,,,,,,,,,,,,,,,,,,,,,,,,,,,,,,,,,,,,,,,,,,,,,,,,,,,,,,,,,,,,,,,,,,,,,,,,,,,,,,,,,,,,,,,,,,,,,,,,,,,,,,,,,,,,,,,,,,,,,
,,,,,,,,,,,,,,,,,,,,,,,,,,,,,,,,,,,,,,,,,,,,,,,,,,,,,,,,,,,,,,,,,,,,,,,,,,,,,,,,,,,,,,,,,,,,,,,,,,,,,,,,,,,,,,,,,,,,,,,,,,,,,,,,,,,,,,,,,,,,,,,,,,,,,,,,,,,,,,,,,,,,,,,,,,,,,,,,,,,,,,,,,,,
,,,,,,,,,,,,,,,,,,,,,,,,,,,,,,,,,,,,,,,,,,,,,,,,,,,,,,,,,,,,,,,,,,,,,,,,,,,,,,,,,,,,,,,,,,,,,,,,,,,,,,,,,,,,,,,,,,,,,,,,,,,,,,,,,,,,,,,,,,,,,,,,,,,,,,,,,,,,,,,,,,,,,,,,,,,,,,,,,,,,,,,,,,,
,,,,,,,,,,,,,,,,,,,,,,,,,,,,,,,,,,,,,,,,,,,,,,,,,,,,,,,,,,,,,,,,,,,,,,,,,,,,,,,,,,,,,,,,,,,,,,,,,,,,,,,,,,,,,,,,,,,,,,,,,,,,,,,,,,,,,,,,,,,,,,,,,,,,,,,,,,,,,,,,,,,,,,,,,,,,,,,,,,,,,,,,,,,
,,,,,,,,,,,,,,,,,,,,,,,,,,,,,,,,,,,,,,,,,,,,,,,,,,,,,,,,,,,,,,,,,,,,,,,,,,,,,,,,,,,,,,,,,,,,,,,,,,,,,,,,,,,,,,,,,,,,,,,,,,,,,,,,,,,,,,,,,,,,,,,,,,,,,,,,,,,,,,,,,,,,,,,,,,,,,,,,,,,,,,,,,,,
,,,,,,,,,,,,,,,,,,,,,,,,,,,,,,,,,,,,,,,,,,,,,,,,,,,,,,,,,,,,,,,,,,,,,,,,,,,,,,,,,,,,,,,,,,,,,,,,,,,,,,,,,,,,,,,,,,,,,,,,,,,,,,,,,,,,,,,,,,,,,,,,,,,,,,,,,,,,,,,,,,,,,,,,,,,,,,,,,,,,,,,,,,,
,,,,,,,,,,,,,,,,,,,,,,,,,,,,,,,,,,,,,,,,,,,,,,,,,,,,,,,,,,,,,,,,,,,,,,,,,,,,,,,,,,,,,,,,,,,,,,,,,,,,,,,,,,,,,,,,,,,,,,,,,,,,,,,,,,,,,,,,,,,,,,,,,,,,,,,,,,,,,,,,,,,,,,,,,,,,,,,,,,,,,,,,,,,
,,,,,,,,,,,,,,,,,,,,,,,,,,,,,,,,,,,,,,,,,,,,,,,,,,,,,,,,,,,,,,,,,,,,,,,,,,,,,,,,,,,,,,,,,,,,,,,,,,,,,,,,,,,,,,,,,,,,,,,,,,,,,,,,,,,,,,,,,,,,,,,,,,,,,,,,,,,,,,,,,,,,,,,,,,,,,,,,,,,,,,,,,,,
,,,,,,,,,,,,,,,,,,,,,,,,,,,,,,,,,,,,,,,,,,,,,,,,,,,,,,,,,,,,,,,,,,,,,,,,,,,,,,,,,,,,,,,,,,,,,,,,,,,,,,,,,,,,,,,,,,,,,,,,,,,,,,,,,,,,,,,,,,,,,,,,,,,,,,,,,,,,,,,,,,,,,,,,,,,,,,,,,,,,,,,,,,,
,,,,,,,,,,,,,,,,,,,,,,,,,,,,,,,,,,,,,,,,,,,,,,,,,,,,,,,,,,,,,,,,,,,,,,,,,,,,,,,,,,,,,,,,,,,,,,,,,,,,,,,,,,,,,,,,,,,,,,,,,,,,,,,,,,,,,,,,,,,,,,,,,,,,,,,,,,,,,,,,,,,,,,,,,,,,,,,,,,,,,,,,,,,
,,,,,,,,,,,,,,,,,,,,,,,,,,,,,,,,,,,,,,,,,,,,,,,,,,,,,,,,,,,,,,,,,,,,,,,,,,,,,,,,,,,,,,,,,,,,,,,,,,,,,,,,,,,,,,,,,,,,,,,,,,,,,,,,,,,,,,,,,,,,,,,,,,,,,,,,,,,,,,,,,,,,,,,,,,,,,,,,,,,,,,,,,,,
,,,,,,,,,,,,,,,,,,,,,,,,,,,,,,,,,,,,,,,,,,,,,,,,,,,,,,,,,,,,,,,,,,,,,,,,,,,,,,,,,,,,,,,,,,,,,,,,,,,,,,,,,,,,,,,,,,,,,,,,,,,,,,,,,,,,,,,,,,,,,,,,,,,,,,,,,,,,,,,,,,,,,,,,,,,,,,,,,,,,,,,,,,,
,,,,,,,,,,,,,,,,,,,,,,,,,,,,,,,,,,,,,,,,,,,,,,,,,,,,,,,,,,,,,,,,,,,,,,,,,,,,,,,,,,,,,,,,,,,,,,,,,,,,,,,,,,,,,,,,,,,,,,,,,,,,,,,,,,,,,,,,,,,,,,,,,,,,,,,,,,,,,,,,,,,,,,,,,,,,,,,,,,,,,,,,,,,
,,,,,,,,,,,,,,,,,,,,,,,,,,,,,,,,,,,,,,,,,,,,,,,,,,,,,,,,,,,,,,,,,,,,,,,,,,,,,,,,,,,,,,,,,,,,,,,,,,,,,,,,,,,,,,,,,,,,,,,,,,,,,,,,,,,,,,,,,,,,,,,,,,,,,,,,,,,,,,,,,,,,,,,,,,,,,,,,,,,,,,,,,,,
,,,,,,,,,,,,,,,,,,,,,,,,,,,,,,,,,,,,,,,,,,,,,,,,,,,,,,,,,,,,,,,,,,,,,,,,,,,,,,,,,,,,,,,,,,,,,,,,,,,,,,,,,,,,,,,,,,,,,,,,,,,,,,,,,,,,,,,,,,,,,,,,,,,,,,,,,,,,,,,,,,,,,,,,,,,,,,,,,,,,,,,,,,,
,,,,,,,,,,,,,,,,,,,,,,,,,,,,,,,,,,,,,,,,,,,,,,,,,,,,,,,,,,,,,,,,,,,,,,,,,,,,,,,,,,,,,,,,,,,,,,,,,,,,,,,,,,,,,,,,,,,,,,,,,,,,,,,,,,,,,,,,,,,,,,,,,,,,,,,,,,,,,,,,,,,,,,,,,,,,,,,,,,,,,,,,,,,
RURAL,DURACK (WA),RAW,,,,,,,,,AliveMask,,,,,,,,"DURACK
(WA)",FULL DISTRIBUTION,,,,,,,,O'CONNOR (WA),RAW,,,,,,,,,AliveMask,,,,,,,,"O'CONNOR
(WA)",FULL DISTRIBUTION,,,,,,,,FORREST (WA),RAW,,,,,,,,,AliveMask,,,,,,,,"FORREST
(WA)",FULL DISTRIBUTION,,,,,,,,,,,,,,,,,,,,,,,,,,,,,,,,,,,,,,,,,,,,,,,,,,,,,,,,,,,,,,,,,,,,,,,,,,,,,,,,,,,,,,,,,,,,,,,,,,,,,,,,,,,,,,,,,
,,ALP,LNP,GRN,ON,IND,OTH,Parties left,,,,,,,,,,,,ALP,LNP,GRN,ON,IND,OTH,,,,ALP,LNP,GRN,ON,IND,OTH,Parties left,,,,,,,,,,,,ALP,LNP,GRN,ON,IND,OTH,,,,ALP,LNP,GRN,ON,IND,OTH,Parties left,,,,,,,,,,,,ALP,LNP,GRN,ON,IND,OTH,,,,,,,,,,,,,,,,,,,,,,,,,,,,,,,,,,,,,,,,,,,,,,,,,,,,,,,,,,,,,,,,,,,,,,,,,,,,,,,,,,,,,,,,,,,,,,,,,,,,,,,,,,,,
,Primary,0.1867487722,0.2221783361,0.1029830535,0.2680112973,0,0.2288235767,5,1.008745036,,True,True,True,True,False,True,IND,,ROUND 1,0.1851298054,0.2202522225,0.1020902704,0.2656878476,0,0.226839854,,,Primary,0.1641152161,0.2566981874,0.1201089891,0.2749972467,0,0.192981187,5,1.008900826,,True,True,True,True,False,True,IND,,ROUND 1,0.1626673423,0.2544335189,0.1190493515,0.2725711383,0,0.191278649,,,Primary,0.1773792164,0.2286280908,0.1106280362,0.2489794018,0.1804,0.1015373222,6,1.047552067,,True,True,True,True,True,False,OTH,,ROUND 1,0.1693273508,0.2182498588,0.1056062411,0.2376773523,0.1722110104,0.0969281865,,,,,,,,,,,,,,,,,,,,,,,,,,,,,,,,,,,,,,,,,,,,,,,,,,,,,,,,,,,,,,,,,,,,,,,,,,,,,,,,,,,,,,,,,,,,,,,,,,,,,,,,,,,,
,Eliminated,0,,IND,ALP+LNP+GRN+ON+OTH,5,,,,,,,,,,,,,SWING,-0.04886896677,-0.1085261136,0.02028221693,0.164871586,0,-0.02775872264,,,Eliminated,0,,IND,ALP+LNP+GRN+ON+OTH,5,,,,,,,,,,,,,SWING,-0.04789787376,-0.09003966856,0.0190403624,0.162174718,0,-0.04327753803,,,Eliminated,0.1015373222,,OTH,ALP+LNP+GRN+ON+IND,6,,,,,,,,,,,,,SWING,-0.0561268656,-0.093553232,0.0267782049,0.1505040011,-0.0108429727,-0.01675913566,,,,,,,,,,,,,,,,,,,,,,,,,,,,,,,,,,,,,,,,,,,,,,,,,,,,,,,,,,,,,,,,,,,,,,,,,,,,,,,,,,,,,,,,,,,,,,,,,,,,,,,,,,,,
,Weights,0.4437130834,0.28199178560491983,0.1315218729578452,0.07783155123263281,0.0,0.06494170683891011,,,,,,,,,,,,ELIMINATED,INDEPENDENT,,,0,,,,,Weights,0.4437130834,0.28199178560491983,0.1315218729578452,0.07783155123263281,0.0,0.06494170683891011,,,,,,,,,,,,ELIMINATED,INDEPENDENT,,,0,,,,,Weights,0.1346015276,0.18172647355526733,0.18432050727770571,0.30494307537109094,0.19440841619829946,0.0,,,,,,,,,,,,ELIMINATED,OTHER,,,0.0969281865,,,,,,,,,,,,,,,,,,,,,,,,,,,,,,,,,,,,,,,,,,,,,,,,,,,,,,,,,,,,,,,,,,,,,,,,,,,,,,,,,,,,,,,,,,,,,,,,,,,,,,,,,,,,,,
,,,,,,,,,,,,,,,,,,,DISTRIBUTED,,,,,,,,,,,,,,,,,,,,,,,,,,,DISTRIBUTED,,,,,,,,,,,,,,,,,,,,,,,,,,,DISTRIBUTED,0.01366707867,0.01845201949,0.01871541073,0.03096310328,0.01973970999,,,,,,,,,,,,,,,,,,,,,,,,,,,,,,,,,,,,,,,,,,,,,,,,,,,,,,,,,,,,,,,,,,,,,,,,,,,,,,,,,,,,,,,,,,,,,,,,,,,,,,,,,,,,,
,Round 2,0.1867487722,0.2221783360996794,0.10298305347763809,0.26801129733989004,0.0,0.22882357665810238,3,1.008745036,,True,True,True,True,False,True,GRN,,ROUND 2,0.1851298054,0.2202522225,0.1020902704,0.2656878476,,0.226839854,,,Round 2,0.1641152161,0.2566981874431937,0.120108989123161,0.27499724665125874,0.0,0.19298118701371345,3,1.008900826,,True,True,True,True,False,True,GRN,,ROUND 2,0.1626673423,0.2544335189,0.1190493515,0.2725711383,,0.191278649,,,Round 2,0.1910462951,0.2470801102732107,0.12934344696479227,0.2799425051124711,0.20013970998601088,0.0,3,1.047552067,,True,True,True,True,True,False,GRN,,ROUND 2,0.1823740328,0.2358642763,0.1234720936,0.2672349316,0.1910546656,,,,,,,,,,,,,,,,,,,,,,,,,,,,,,,,,,,,,,,,,,,,,,,,,,,,,,,,,,,,,,,,,,,,,,,,,,,,,,,,,,,,,,,,,,,,,,,,,,,,,,,,,,,,,
,Eliminated,0.1029830535,,GRN,ALP+LNP+ON+OTH,3,,,,,,,,,,,,,SWING,,,,,,,,,Eliminated,0.1201089891,,GRN,ALP+LNP+ON+OTH,3,,,,,,,,,,,,,SWING,,,,,,,,,Eliminated,0.129343447,,GRN,ALP+LNP+ON+IND,3,,,,,,,,,,,,,SWING,,,,,,,,,,,,,,,,,,,,,,,,,,,,,,,,,,,,,,,,,,,,,,,,,,,,,,,,,,,,,,,,,,,,,,,,,,,,,,,,,,,,,,,,,,,,,,,,,,,,,,,,,,,,,,,,,,
,Weights,0.5831553087,0.2317325357829524,0.0,0.0801121555223243,0.0,0.10500000000000001,,Calibrate,,,,,,,,,,ELIMINATED,GREENS,,,0.1020902704,,,,,Weights,0.5603313523,0.2734621020923228,0.0,0.06120654563217455,0.0,0.10500000000000001,,Calibrate,,,,,,,,,,ELIMINATED,GREENS,,,0.1190493515,,,,,Weights,0.4546139765,0.0736513405836115,0.0,0.0595456013782707,0.4121890815117907,0.0,,Calibrate,,,,,,,,,,ELIMINATED,GREENS,,,0.1234720936,,,,,,,,,,,,,,,,,,,,,,,,,,,,,,,,,,,,,,,,,,,,,,,,,,,,,,,,,,,,,,,,,,,,,,,,,,,,,,,,,,,,,,,,,,,,,,,,,,,,,,,,,,,,,,
,,,,,,,,,True,,,,,,,,,,DISTRIBUTED,0.06005511434,0.02386452413,,0.008250194396,,0.01081322062,,,,,,,,,,,True,,,,,,,,,,DISTRIBUTED,0.0673008323,0.03284525665,,0.007351456324,,0.01261144386,,,,,,,,,,,True,,,,,,,,,,DISTRIBUTED,0.05880133876,0.009526318265,,0.007701833334,0.0533139566,,,,,,,,,,,,,,,,,,,,,,,,,,,,,,,,,,,,,,,,,,,,,,,,,,,,,,,,,,,,,,,,,,,,,,,,,,,,,,,,,,,,,,,,,,,,,,,,,,,,,,,,,,,,,
,Round 3,0.2468038865,0.24604286022472388,0.0,0.2762614917362544,0.0,0.23963679727325438,6,1.008745036,,True,True,False,True,False,True,OTH,,ROUND 3,0.2446642886,0.2439098598,,0.2738665192,,0.2375593324,,,Round 3,0.2314160484,0.28954344408899724,0.0,0.28234870297485987,0.0,0.20559263087164537,6,1.008900826,,True,True,False,True,False,True,OTH,,ROUND 3,0.2293744265,0.2869890048,,0.2798577379,,0.2037788309,,,Round 3,0.2498476338,0.2566064285378729,0.0,0.28764433844632814,0.25345366658999763,0.0,1,1.047552067,,True,True,False,True,True,False,ALP,,ROUND 3,0.2385061722,0.2449581615,,0.2745871517,0.2419485145,,,,,,,,,,,,,,,,,,,,,,,,,,,,,,,,,,,,,,,,,,,,,,,,,,,,,,,,,,,,,,,,,,,,,,,,,,,,,,,,,,,,,,,,,,,,,,,,,,,,,,,,,,,,,
,Eliminated,0.2396367973,,OTH,ALP+LNP+ON,6,,,,,,,,,,,,,SWING,,,,,,,,,Eliminated,0.2055926309,,OTH,ALP+LNP+ON,6,,,,,,,,,,,,,SWING,,,,,,,,,Eliminated,0.2498476338,,ALP,LNP+ON+IND,1,,,,,,,,,,,,,SWING,,,,,,,,,,,,,,,,,,,,,,,,,,,,,,,,,,,,,,,,,,,,,,,,,,,,,,,,,,,,,,,,,,,,,,,,,,,,,,,,,,,,,,,,,,,,,,,,,,,,,,,,,,,,,,,,,,
,Weights,0.2147481521,0.3601459380588777,0.0,0.42510590986383917,0.0,0.0,,,,,,,,,,,,ELIMINATED,OTHER,,,0.2375593324,,,,,Weights,0.1542042709,0.33616001058417094,0.0,0.5096357185252268,0.0,0.0,,,,,,,,,,,,ELIMINATED,OTHER,,,0.2037788309,,,,,Weights,0,0.37901996084565515,0.0,0.026739072691320132,0.5942409664630247,0.0,,,,,,,,,,,,ELIMINATED,LABOR,,,0.2385061722,,,,,,,,,,,,,,,,,,,,,,,,,,,,,,,,,,,,,,,,,,,,,,,,,,,,,,,,,,,,,,,,,,,,,,,,,,,,,,,,,,,,,,,,,,,,,,,,,,,,,,,,,,,,,,
,,,,,,,,,,,,,,,,,,,DISTRIBUTED,0.05146155938,0.08630421915,,0.1018710187,,,,,,,,,,,,,,,,,,,,,,,DISTRIBUTED,0.03170326174,0.06911202097,,0.1047773482,,,,,,,,,,,,,,,,,,,,,,,DISTRIBUTED,,0.09469724039,,0.006680694043,0.1484696994,,,,,,,,,,,,,,,,,,,,,,,,,,,,,,,,,,,,,,,,,,,,,,,,,,,,,,,,,,,,,,,,,,,,,,,,,,,,,,,,,,,,,,,,,,,,,,,,,,,,,,,,,,,,,
,Round 4 (3CP),0.2982654459,0.33234707937212515,0.0,0.3781325104779576,0.0,0.0,1,1.008745036,,True,True,False,True,False,False,ALP,,3CP,0.2956797162,0.3294658884,,0.3748543954,,,,,Round 4 (3CP),0.2631193101,0.3586554650588371,0.0,0.38712605113262255,0.0,0.0,1,1.008900826,,True,True,False,True,False,False,ALP,,3CP,0.2607979925,0.3554912988,,0.3837107088,,,,,Round 4 (3CP),0,0.3513036689287903,0.0,0.2943250324890128,0.4019233659845254,0.0,4,1.047552067,,False,True,False,True,True,False,ON,,3CP,,0.3353567616,,0.2809645856,0.3836786528,,,,,,,,,,,,,,,,,,,,,,,,,,,,,,,,,,,,,,,,,,,,,,,,,,,,,,,,,,,,,,,,,,,,,,,,,,,,,,,,,,,,,,,,,,,,,,,,,,,,,,,,,,,,,
,Eliminated ,0.2982654459,,ALP,LNP+ON,1,,,,,,,,,,,,,SWING,,,,,,,,,Eliminated ,0.2631193101,,ALP,LNP+ON,1,,,,,,,,,,,,,SWING,,,,,,,,,Eliminated ,0.2943250325,,ON,LNP+IND,4,,,,,,,,,,,,,SWING,,,,,,,,,,,,,,,,,,,,,,,,,,,,,,,,,,,,,,,,,,,,,,,,,,,,,,,,,,,,,,,,,,,,,,,,,,,,,,,,,,,,,,,,,,,,,,,,,,,,,,,,,,,,,,,,,,
,Weights,0,0.5890990421549084,0.0,0.4109009578450917,0.0,0.0,,,,,,,,,,,,ELIMINATED,LABOR,,,0.2956797162,,,,,Weights,0,0.5890990421549084,0.0,0.4109009578450917,0.0,0.0,,,,,,,,,,,,ELIMINATED,LABOR,,,0.2607979925,,,,,Weights,0,0.6013617793917385,0.0,0.0,0.3986382206082615,0.0,,,,,,,,,,,,ELIMINATED,ONE NATION,,,0.2809645856,,,,,,,,,,,,,,,,,,,,,,,,,,,,,,,,,,,,,,,,,,,,,,,,,,,,,,,,,,,,,,,,,,,,,,,,,,,,,,,,,,,,,,,,,,,,,,,,,,,,,,,,,,,,,,
,,,,,,,,,,,,,,,,,,,DISTRIBUTED,,0.1757078885,,0.1225575574,,,,,,,,,,,,,,,,,,,,,,,DISTRIBUTED,,0.1550033336,,0.1081159766,,,,,,,,,,,,,,,,,,,,,,,DISTRIBUTED,,0.1769958253,,,0.1173292072,,,,,,,,,,,,,,,,,,,,,,,,,,,,,,,,,,,,,,,,,,,,,,,,,,,,,,,,,,,,,,,,,,,,,,,,,,,,,,,,,,,,,,,,,,,,,,,,,,,,,,,,,,,,,
,Round 5 (2CP),0,0.508054967872866,0.0,0.5006900678995291,0.0,0.0,2.0,1.008745036,,False,True,False,True,False,False,ON,,2CP,,0.503650526,,0.496349474,,,,,Round 5 (2CP),0,0.513658798627938,0.0,0.49524202769192194,0.0,0.0,2.0,1.008900826,,False,True,False,True,False,False,ON,,2CP,,0.5091271463,,0.4908728537,,,,,Round 5 (2CP),0,0.5282994941859143,0.0,0.0,0.5192525732164142,0.0,2.0,1.047552067,,False,True,False,False,True,False,IND,,2CP,,0.5043181247,,,0.4956818753,,,,,,,,,,,,,,,,,,,,,,,,,,,,,,,,,,,,,,,,,,,,,,,,,,,,,,,,,,,,,,,,,,,,,,,,,,,,,,,,,,,,,,,,,,,,,,,,,,,,,,,,,,,,,
,,Primary row,,,,2,,,,,,,,,,,,,SWING,-0.3984675201,-0.09788195393,,0.496349474,,,,,,Primary row,,,,2,,,,,,,,,,,,,SWING,-0.3673654878,-0.1235073659,,0.4908728537,,,,,,Primary row,,,,2,,,,,,,,,,,,,SWING,-0.4776436048,-0.0180382705,,,0.4956818753,,,,,,,,,,,,,,,,,,,,,,,,,,,,,,,,,,,,,,,,,,,,,,,,,,,,,,,,,,,,,,,,,,,,,,,,,,,,,,,,,,,,,,,,,,,,,,,,,,,,,,,,,,,,,
,,132.0,,,,,,,,,,,,,,,,,RESULT,LIBERAL RETAIN,,,,,,,,,133.0,,,,,,,,,,,,,,,,,RESULT,LIBERAL RETAIN,,,,,,,,,134.0,,,,,,,,,,,,,,,,,RESULT,LIBERAL RETAIN,,,,,,,,,,,,,,,,,,,,,,,,,,,,,,,,,,,,,,,,,,,,,,,,,,,,,,,,,,,,,,,,,,,,,,,,,,,,,,,,,,,,,,,,,,,,,,,,,,,,,,,,,,,,,,,,,
,,,,,,,,,,,,,,,,,,,,,,,,,,,,,,,,,,,,,,,,,,,,,,,,,,,,,,,,,,,,,,,,,,,,,,,,,,,,,,,,,,,,,,,,,,,,,,,,,,,,,,,,,,,,,,,,,,,,,,,,,,,,,,,,,,,,,,,,,,,,,,,,,,,,,,,,,,,,,,,,,,,,,,,,,,,,,,,,,,,,,,,,,,,
STATE,WESTERN AUSTRALIA,RAW,,,,,,,,,AliveMask,,,,,,,,"WESTERN
AUSTRALIA",FULL DISTRIBUTION,,,,,,,,WESTERN AUSTRALIA,RAW,,,,,,,,,AliveMask,,,,,,,,"WESTERN
AUSTRALIA",FULL DISTRIBUTION,,,,,,,,,,,,,,,,,,,,,,,,,,,,,,,,,,,,,,,,,,,,,,,,,,,,,,,,,,,,,,,,,,,,,,,,,,,,,,,,,,,,,,,,,,,,,,,,,,,,,,,,,,,,,,,,,,,,,,,,,,,,,,,,,,,,,,,,,,,,
,,ALP,LNP,GRN,ON,IND,OTH,Parties left,,,,,,,,,,,,ALP,LNP,GRN,ON,IND,OTH,,,,ALP,LNP,GRN,ON,IND,OTH,Parties left,,,,,,,,,,,,ALP,LNP,GRN,ON,IND,OTH,,,,,,,,,,,,,,,,,,,,,,,,,,,,,,,,,,,,,,,,,,,,,,,,,,,,,,,,,,,,,,,,,,,,,,,,,,,,,,,,,,,,,,,,,,,,,,,,,,,,,,,,,,,,,,,,,,,,,,,,,,,,,,,,,,,,,,,
,Primary,0.2984,0.2104,0.1391,0.2240076207,0.0546,0.0848,5,1.011307621,,True,True,True,True,False,True,,,ROUND 1,0.2950635335,0.208047478,0.1375446967,0.2215029494,0.05398950713,0.08385183525,,,Primary,0.2984,0.2104,0.1391,0.2240076207,0.0546,0.0848,5,1.011307621,,True,True,True,True,False,True,,,ROUND 1,0.2950635335,0.208047478,0.1375446967,0.2215029494,0.05398950713,0.08385183525,,,,,,,,,,,,,,,,,,,,,,,,,,,,,,,,,,,,,,,,,,,,,,,,,,,,,,,,,,,,,,,,,,,,,,,,,,,,,,,,,,,,,,,,,,,,,,,,,,,,,,,,,,,,,,,,,,,,,,,,,,,,,,,,,,,,,,,
,Eliminated,0.0546,,IND,ALP+LNP+GRN+ON+OTH,5,,,,,,,,,,,,,SWING,-0.06093646653,-0.106952522,0.01754469673,0.1815029494,-0.007710492871,-0.02344816475,,,Eliminated,0.0546,,IND,ALP+LNP+GRN+ON+OTH,5,,,,,,,,,,,,,SWING,-0.06093646653,-0.106952522,0.01754469673,0.1815029494,-0.007710492871,-0.02344816475,,,,,,,,,,,,,,,,,,,,,,,,,,,,,,,,,,,,,,,,,,,,,,,,,,,,,,,,,,,,,,,,,,,,,,,,,,,,,,,,,,,,,,,,,,,,,,,,,,,,,,,,,,,,,,,,,,,,,,,,,,,,,,,,,,,,,,,
,Weights,0.5284956599,0.2977659290105654,0.0739649132679619,0.04786089109607349,0.0,0.05191260674441834,,,,,,,,,,,,ELIMINATED,INDEPENDENT,,,0.05398950713,,,,,Weights,0.5284956599,0.2977659290105654,0.0739649132679619,0.04786089109607349,0.0,0.05191260674441834,,,,,,,,,,,,ELIMINATED,INDEPENDENT,,,0.05398950713,,,,,,,,,,,,,,,,,,,,,,,,,,,,,,,,,,,,,,,,,,,,,,,,,,,,,,,,,,,,,,,,,,,,,,,,,,,,,,,,,,,,,,,,,,,,,,,,,,,,,,,,,,,,,,,,,,,,,,,,,,,,,,,,,,,,,,,,,
,,,,,,,,,,,,,,,,,,,DISTRIBUTED,0.02885586303,0.01625801972,0.004038484264,0.002613204654,,0.002834428328,,,,,,,,,,,,,,,,,,,,,DISTRIBUTED,0.02885586303,0.01625801972,0.004038484264,0.002613204654,,0.002834428328,,,,,,,,,,,,,,,,,,,,,,,,,,,,,,,,,,,,,,,,,,,,,,,,,,,,,,,,,,,,,,,,,,,,,,,,,,,,,,,,,,,,,,,,,,,,,,,,,,,,,,,,,,,,,,,,,,,,,,,,,,,,,,,,,,,,,,,
,Round 2,0.327255863,0.22665801972397687,0.1431384842644307,0.22662082539519895,0.0,0.08763442832824525,6,1.011307621,,True,True,True,True,False,False,,,ROUND 2,0.3235967537,0.2241237138,0.1415380259,0.2240869353,,0.0866545713,,,Round 2,0.327255863,0.22665801972397687,0.1431384842644307,0.22662082539519895,0.0,0.08763442832824525,6,1.011307621,,True,True,True,True,False,False,,,ROUND 2,0.3235967537,0.2241237138,0.1415380259,0.2240869353,,0.0866545713,,,,,,,,,,,,,,,,,,,,,,,,,,,,,,,,,,,,,,,,,,,,,,,,,,,,,,,,,,,,,,,,,,,,,,,,,,,,,,,,,,,,,,,,,,,,,,,,,,,,,,,,,,,,,,,,,,,,,,,,,,,,,,,,,,,,,,,
,Eliminated,0.08763442833,,OTH,ALP+LNP+GRN+ON,6,,,,,,,,,,,,,SWING,,,,,,,,,Eliminated,0.08763442833,,OTH,ALP+LNP+GRN+ON,6,,,,,,,,,,,,,SWING,,,,,,,,,,,,,,,,,,,,,,,,,,,,,,,,,,,,,,,,,,,,,,,,,,,,,,,,,,,,,,,,,,,,,,,,,,,,,,,,,,,,,,,,,,,,,,,,,,,,,,,,,,,,,,,,,,,,,,,,,,,,,,,,,,,,,,,,,,,,,
,Weights,0.1863803357,0.24215774211780897,0.11244562946944192,0.4590162927284791,0.0,0.0,,Calibrate,,,,,,,,,,ELIMINATED,OTHER,,,0.0866545713,,,,,Weights,0.1863803357,0.24215774211780897,0.11244562946944192,0.4590162927284791,0.0,0.0,,Calibrate,,,,,,,,,,ELIMINATED,OTHER,,,0.0866545713,,,,,,,,,,,,,,,,,,,,,,,,,,,,,,,,,,,,,,,,,,,,,,,,,,,,,,,,,,,,,,,,,,,,,,,,,,,,,,,,,,,,,,,,,,,,,,,,,,,,,,,,,,,,,,,,,,,,,,,,,,,,,,,,,,,,,,,,,
,,,,,,,,,True,,,,,,,,,,DISTRIBUTED,0.01633333417,0.0212213553,0.009854108457,0.04022563041,,,,,,,,,,,,,True,,,,,,,,,,DISTRIBUTED,0.01633333417,0.0212213553,0.009854108457,0.04022563041,,,,,,,,,,,,,,,,,,,,,,,,,,,,,,,,,,,,,,,,,,,,,,,,,,,,,,,,,,,,,,,,,,,,,,,,,,,,,,,,,,,,,,,,,,,,,,,,,,,,,,,,,,,,,,,,,,,,,,,,,,,,,,,,,,,,,,,,,
,Round 3,0.3435891972,0.2478793750197297,0.15299259272099494,0.2668464558018097,0.0,0.0,3,1.011307621,,True,True,False,True,False,False,,,ROUND 3,0.3397474618,0.2451077891,0.1512819538,0.2638627954,,,,,Round 3,0.3435891972,0.2478793750197297,0.15299259272099494,0.2668464558018097,0.0,0.0,3,1.011307621,,True,True,False,True,False,False,,,ROUND 3,0.3397474618,0.2451077891,0.1512819538,0.2638627954,,,,,,,,,,,,,,,,,,,,,,,,,,,,,,,,,,,,,,,,,,,,,,,,,,,,,,,,,,,,,,,,,,,,,,,,,,,,,,,,,,,,,,,,,,,,,,,,,,,,,,,,,,,,,,,,,,,,,,,,,,,,,,,,,,,,,,,,,
,Eliminated,0.1529925927,,GRN,ALP+LNP+ON,3,,,,,,,,,,,,,SWING,,,,,,,,,Eliminated,0.1529925927,,GRN,ALP+LNP+ON,3,,,,,,,,,,,,,SWING,,,,,,,,,,,,,,,,,,,,,,,,,,,,,,,,,,,,,,,,,,,,,,,,,,,,,,,,,,,,,,,,,,,,,,,,,,,,,,,,,,,,,,,,,,,,,,,,,,,,,,,,,,,,,,,,,,,,,,,,,,,,,,,,,,,,,,,,,,,,,
,Weights,0.7714468499,0.1598315041641958,0.0,0.06872164593088985,0.0,0.0,,,,,,,,,,,,ELIMINATED,GREENS,,,0.1512819538,,,,,Weights,0.7714468499,0.1598315041641958,0.0,0.06872164593088985,0.0,0.0,,,,,,,,,,,,ELIMINATED,GREENS,,,0.1512819538,,,,,,,,,,,,,,,,,,,,,,,,,,,,,,,,,,,,,,,,,,,,,,,,,,,,,,,,,,,,,,,,,,,,,,,,,,,,,,,,,,,,,,,,,,,,,,,,,,,,,,,,,,,,,,,,,,,,,,,,,,,,,,,,,,,,,,,,,
,,,,,,,,,,,,,,,,,,,DISTRIBUTED,0.1180256537,0.02445303622,,,,,,,,,,,,,,,,,,,,,,,,,DISTRIBUTED,0.1180256537,0.02445303622,,,,,,,,,,,,,,,,,,,,,,,,,,,,,,,,,,,,,,,,,,,,,,,,,,,,,,,,,,,,,,,,,,,,,,,,,,,,,,,,,,,,,,,,,,,,,,,,,,,,,,,,,,,,,,,,,,,,,,,,,,,,,,,,,,,,,,,,,,,
,Round 4 (3CP),0.4616148509,0.2723324112403065,0.0,0.27736035858883074,0.0,0.0,4,1.011307621,,True,True,False,False,False,False,,,3CP,0.4564534484,0.2692874113,,0.2742591402,,,,,Round 4 (3CP),0.4616148509,0.2723324112403065,0.0,0.27736035858883074,0.0,0.0,2,1.011307621,,True,False,False,True,False,False,,,3CP,0.4564534484,0.2692874113,,0.2742591402,,,,,,,,,,,,,,,,,,,,,,,,,,,,,,,,,,,,,,,,,,,,,,,,,,,,,,,,,,,,,,,,,,,,,,,,,,,,,,,,,,,,,,,,,,,,,,,,,,,,,,,,,,,,,,,,,,,,,,,,,,,,,,,,,,,,,,,,,
,Eliminated ,0.2723324112,,ON,ALP+LNP,4,,,,,,,,,,,,,SWING,,,,,,,,,Eliminated ,0.2723324112,,LNP,ALP+ON,2,,,,,,,,,,,,,SWING,,,,,,,,,,,,,,,,,,,,,,,,,,,,,,,,,,,,,,,,,,,,,,,,,,,,,,,,,,,,,,,,,,,,,,,,,,,,,,,,,,,,,,,,,,,,,,,,,,,,,,,,,,,,,,,,,,,,,,,,,,,,,,,,,,,,,,,,,,,,,
,Weights,0.2830717555,0.7169282444982998,0.0,0.0,0.0,0.0,,,,,,,,,,,,ELIMINATED,LIBERAL,,,0.2692874113,,,,,Weights,0.308,0.0,0.0,0.692,0.0,0.0,,,,,,,,,,,,ELIMINATED,LIBERAL,,,0.2692874113,,,,,,,,,,,,,,,,,,,,,,,,,,,,,,,,,,,,,,,,,,,,,,,,,,,,,,,,,,,,,,,,,,,,,,,,,,,,,,,,,,,,,,,,,,,,,,,,,,,,,,,,,,,,,,,,,,,,,,,,,,,,,,,,,,,,,,,,,
,,,,,,,,,,,,,,,,,,,DISTRIBUTED,0.07851288361,0.198847475,,,,,,,,,,,,,,,,,,,,,,,,,DISTRIBUTED,0.07734240479,,,,,,,,,,,,,,,,,,,,,,,,,,,,,,,,,,,,,,,,,,,,,,,,,,,,,,,,,,,,,,,,,,,,,,,,,,,,,,,,,,,,,,,,,,,,,,,,,,,,,,,,,,,,,,,,,,,,,,,,,,,,,,,,,,,,,,,,,,,,
,Round 5 (2CP),0.5401277345,0.47117988621681584,0.0,0.0,0.0,0.0,2.0,1.011307621,,True,False,False,False,False,False,,,2CP,0.5340884647,0.4659115353,,,,,,,Round 5 (2CP),0.5389572557,0.0,0.0,0.4723503650368902,0.0,0.0,2.0,1.011307621,,True,False,False,True,False,False,,,2CP,0.5329310732,,,0.4670689268,,,,,,,,,,,,,,,,,,,,,,,,,,,,,,,,,,,,,,,,,,,,,,,,,,,,,,,,,,,,,,,,,,,,,,,,,,,,,,,,,,,,,,,,,,,,,,,,,,,,,,,,,,,,,,,,,,,,,,,,,,,,,,,,,,,,,,,,,
,,Primary row,,,,2,,,,,,,,,,,,,SWING,-0.02431153528,0.02431153528,,,,,,,,Primary row,,,,2,,,,,,,,,,,,,SWING,-0.02546892675,-0.4416,,0.4670689268,,,,,,,,,,,,,,,,,,,,,,,,,,,,,,,,,,,,,,,,,,,,,,,,,,,,,,,,,,,,,,,,,,,,,,,,,,,,,,,,,,,,,,,,,,,,,,,,,,,,,,,,,,,,,,,,,,,,,,,,,,,,,,,,,,,,,,,,,
,,159.0,,,,,,,,,,,,,,,,,RESULT,LABOR RETAIN,,,,,,,,,159.0,,,,,,,,,,,,,,,,,RESULT,LABOR RETAIN,,,,,,,,,,,,,,,,,,,,,,,,,,,,,,,,,,,,,,,,,,,,,,,,,,,,,,,,,,,,,,,,,,,,,,,,,,,,,,,,,,,,,,,,,,,,,,,,,,,,,,,,,,,,,,,,,,,,,,,,,,,,,,,,,,,,,,,,,,,,
